UserID,Investment Type,Investment Name,Amount Invested,Current Value,Date of Investment,Return (%)
U004,Mutual Fund,Bitcoin,1438.46,-410.29,2022-10-10,-128.52
U002,Crypto,Tesla,1290.37,1158.88,2017-07-10,-10.19
U009,Mutual Fund,Apple,1841.45,3793.8,2019-08-24,106.02
U004,Stock,Apple,4431.06,412.43,2017-07-14,-90.69
U007,Mutual Fund,Bitcoin,736.34,4374.91,2020-01-23,494.14
U001,Stock,US Treasury Bond,2690.91,1141.46,2021-09-15,-57.58
U008,ETF,Vanguard S&P 500,3264.41,1774.67,2017-07-22,-45.64
U013,Stock,Apple,1423.62,2336.29,2018-08-12,64.11
U003,Crypto,Bitcoin,1175.97,1475.37,2017-10-17,25.46
U007,Crypto,Vanguard S&P 500,1949.67,1511.01,2019-09-24,-22.5
U011,Stock,Tesla,2567.75,1465.19,2022-08-12,-42.94
U015,Mutual Fund,US Treasury Bond,4528.51,3872.33,2018-04-17,-14.49
U011,ETF,Vanguard S&P 500,601.55,3213.11,2023-07-28,434.14
U013,Crypto,Tesla,1515.91,979.3,2023-09-09,-35.4
U005,Crypto,Vanguard S&P 500,161.01,1648.64,2020-09-20,923.94
U007,Crypto,Tesla,1639.36,699.46,2020-08-26,-57.33
U003,ETF,Tesla,3133.72,389.17,2021-06-15,-87.58
U010,Crypto,Bitcoin,2997.06,3109.25,2017-10-07,3.74
U004,Bond,Apple,3287.18,1767.65,2022-10-07,-46.23
U013,Mutual Fund,Apple,1913.64,1993.47,2024-08-16,4.17
U013,Mutual Fund,Bitcoin,637.19,2080.61,2020-04-30,226.53
U004,ETF,Bitcoin,3217.56,3391.35,2017-11-11,5.4
U011,Crypto,Apple,2276.83,-340.5,2020-01-19,-114.96
U004,ETF,Tesla,2436.4,2773.43,2024-03-26,13.83
U004,Crypto,Bitcoin,2340.39,2642.34,2024-11-21,12.9
U007,ETF,Bitcoin,2696.83,2315.98,2021-03-01,-14.12
U007,Bond,Ethereum,1050.64,1030.37,2017-02-03,-1.93
U010,Crypto,US Treasury Bond,1607.54,1615.71,2019-06-02,0.51
U003,Mutual Fund,US Treasury Bond,2712.9,3184.76,2019-03-22,17.39
U011,Crypto,Google,1115.06,3043.41,2022-12-19,172.94
U010,Mutual Fund,Ethereum,1785.69,2490.46,2017-02-07,39.47
U004,Crypto,Bitcoin,3063.99,2164.81,2017-02-20,-29.35
U005,Mutual Fund,US Treasury Bond,1375.06,3511.96,2021-04-19,155.4
U013,Mutual Fund,Ethereum,2567.12,3345.18,2023-08-01,30.31
U010,Crypto,Bitcoin,1713.46,1466.9,2023-11-22,-14.39
U015,Bond,Google,3233.46,3812.47,2018-09-25,17.91
U002,Bond,Bitcoin,1998.59,4386.03,2019-02-06,119.46
U008,Crypto,Google,1505.2,1012.46,2019-05-14,-32.74
U013,Mutual Fund,Bitcoin,2250.26,1947.84,2019-08-16,-13.44
U007,Crypto,Bitcoin,3190.96,2794.31,2019-01-08,-12.43
U014,Stock,Apple,1735.31,2067.44,2020-03-25,19.14
U010,Mutual Fund,Vanguard S&P 500,4004.27,3432.75,2020-08-04,-14.27
U007,Crypto,Tesla,2259.64,5375.67,2019-01-02,137.9
U008,Stock,Apple,-357.4,3520.76,2019-04-08,-1085.1
U015,Crypto,Vanguard S&P 500,2063.78,1693.65,2022-05-31,-17.93
U004,Crypto,Apple,1922.31,2641.47,2021-12-29,37.41
U005,Bond,Tesla,1858.9,3410.47,2018-07-22,83.47
U001,Stock,Google,1821.38,133.29,2023-05-30,-92.68
U014,Bond,Google,1520.85,2665.44,2018-02-28,75.26
U001,Stock,Vanguard S&P 500,2036.4,1936.0,2022-07-29,-4.93
U012,Mutual Fund,US Treasury Bond,1217.11,3109.82,2017-04-01,155.51
U004,Bond,US Treasury Bond,1341.71,1298.04,2022-08-20,-3.25
U007,Crypto,Bitcoin,1130.66,2304.11,2021-03-20,103.78
U008,Stock,US Treasury Bond,3412.8,2395.62,2024-12-17,-29.8
U006,Mutual Fund,Vanguard S&P 500,2915.47,3166.33,2022-09-27,8.6
U004,Stock,Google,4757.71,1026.83,2021-01-08,-78.42
U001,Mutual Fund,Apple,1932.29,2059.22,2024-12-23,6.57
U005,Crypto,Google,1355.41,-457.95,2023-04-14,-133.79
U008,Crypto,Vanguard S&P 500,1870.45,3247.86,2020-02-07,73.64
U014,Crypto,Bitcoin,1389.15,2962.81,2018-03-27,113.28
U001,Crypto,Tesla,2067.9,275.35,2020-05-22,-86.68
U014,Crypto,Vanguard S&P 500,2761.97,-57.23,2022-06-24,-102.07
U004,Mutual Fund,Tesla,2701.04,1889.67,2020-01-07,-30.04
U007,Bond,US Treasury Bond,4287.94,1621.7,2018-05-15,-62.18
U014,Stock,US Treasury Bond,1883.39,1486.98,2020-06-07,-21.05
U014,Stock,Vanguard S&P 500,2608.4,1901.1,2018-12-12,-27.12
U013,Stock,Bitcoin,2407.5,1925.55,2022-11-15,-20.02
U002,Bond,Apple,3058.33,2792.27,2024-02-06,-8.7
U012,ETF,Apple,3069.93,2435.61,2021-07-18,-20.66
U006,Bond,Bitcoin,2306.91,2584.38,2021-03-21,12.03
U011,ETF,Apple,1668.49,4560.07,2024-11-21,173.31
U001,Stock,Apple,2488.72,2481.77,2024-12-28,-0.28
U002,ETF,Ethereum,2139.46,1146.35,2017-12-10,-46.42
U013,Bond,US Treasury Bond,1948.36,3489.76,2020-05-23,79.11
U009,Crypto,Apple,882.79,2405.55,2017-12-10,172.49
U008,Crypto,Bitcoin,3771.56,471.13,2017-08-17,-87.51
U001,Mutual Fund,Ethereum,1363.86,2450.51,2023-06-03,79.67
U011,Mutual Fund,Tesla,1794.13,3460.79,2023-05-10,92.9
U011,Bond,Apple,1942.79,3348.7,2020-11-16,72.37
U009,Crypto,Ethereum,2513.59,1174.22,2023-02-01,-53.29
U005,Crypto,US Treasury Bond,2946.09,1168.08,2018-02-15,-60.35
U010,Bond,Apple,1727.18,2130.44,2024-01-29,23.35
U014,Crypto,Bitcoin,1016.67,2118.5,2018-09-01,108.38
U012,Bond,Apple,2295.93,2837.71,2018-12-07,23.6
U012,Stock,Ethereum,2708.49,766.73,2019-10-02,-71.69
U001,Crypto,Tesla,331.96,2109.08,2023-04-10,535.34
U003,Crypto,Ethereum,1762.98,2052.25,2022-12-18,16.41
U001,Bond,Tesla,2241.32,908.62,2019-07-23,-59.46
U010,Bond,US Treasury Bond,2868.12,468.5,2021-09-16,-83.67
U014,Bond,Vanguard S&P 500,1790.49,2263.94,2024-10-20,26.44
U011,Bond,Google,873.11,3840.39,2019-09-25,339.85
U009,Crypto,Apple,3232.72,1702.12,2021-09-29,-47.35
U012,Crypto,US Treasury Bond,897.24,2722.34,2020-11-07,203.41
U010,Stock,Bitcoin,2633.77,1517.93,2021-02-07,-42.37
U010,Stock,US Treasury Bond,2306.2,3458.26,2024-02-11,49.95
U010,Crypto,Vanguard S&P 500,1895.05,2331.03,2021-04-07,23.01
U007,Crypto,Vanguard S&P 500,2327.73,1905.59,2022-10-26,-18.14
U003,Stock,Ethereum,2086.57,2479.49,2021-10-25,18.83
U013,Stock,Ethereum,1022.66,2747.12,2024-12-06,168.62
U001,Bond,Bitcoin,1380.89,1207.63,2021-03-13,-12.55
U014,Bond,Tesla,3321.71,3599.63,2022-08-18,8.37
U001,Mutual Fund,Vanguard S&P 500,2435.48,1309.62,2020-09-29,-46.23
U004,Stock,Bitcoin,3232.79,2198.29,2017-04-20,-32.0
U015,Bond,Bitcoin,1134.87,1661.61,2019-12-31,46.41
U014,Bond,Bitcoin,758.74,620.02,2023-12-05,-18.28
U015,ETF,Tesla,1757.92,3412.12,2017-01-31,94.1
U003,ETF,Apple,1574.87,365.5,2022-05-25,-76.79
U008,ETF,Tesla,1476.96,3211.45,2024-03-28,117.44
U006,ETF,Vanguard S&P 500,2910.4,2768.62,2017-07-16,-4.87
U009,Mutual Fund,Apple,868.18,3241.27,2017-10-07,273.34
U015,Stock,Tesla,2952.87,1709.37,2022-02-22,-42.11
U010,Stock,US Treasury Bond,915.43,2619.11,2023-04-08,186.11
U005,Mutual Fund,Apple,2302.58,997.97,2020-12-02,-56.66
U007,Crypto,Google,2311.98,2308.63,2024-06-26,-0.14
U003,Stock,Tesla,575.06,1412.19,2019-02-10,145.57
U003,Bond,Bitcoin,2279.56,2172.31,2020-09-22,-4.7
U004,Crypto,US Treasury Bond,3383.23,456.04,2024-04-01,-86.52
U001,Stock,Ethereum,2507.32,2530.83,2024-11-25,0.94
U005,ETF,Tesla,3213.99,974.25,2020-03-30,-69.69
U013,Mutual Fund,Bitcoin,3553.09,1940.78,2024-06-24,-45.38
U007,Bond,Bitcoin,1941.49,4366.4,2017-12-04,124.9
U008,Bond,Ethereum,3274.38,1708.29,2024-09-19,-47.83
U006,Mutual Fund,Apple,2910.0,2195.24,2022-04-30,-24.56
U011,Stock,Google,1812.87,3714.98,2019-10-14,104.92
U012,Mutual Fund,US Treasury Bond,2201.71,452.63,2019-03-31,-79.44
U010,Stock,Bitcoin,3154.9,1733.97,2021-01-29,-45.04
U013,Mutual Fund,Bitcoin,2521.14,2412.54,2021-10-22,-4.31
U004,ETF,Bitcoin,2833.55,1827.1,2023-05-06,-35.52
U007,Mutual Fund,Ethereum,2445.5,5970.55,2020-11-09,144.14
U015,Crypto,Apple,2499.21,2904.32,2018-12-24,16.21
U014,ETF,Apple,299.1,1764.17,2018-03-06,489.83
U014,Stock,Apple,2024.81,2732.95,2024-12-27,34.97
U015,Bond,Apple,3808.34,1745.05,2024-10-12,-54.18
U010,Bond,Google,3933.56,1211.65,2018-02-14,-69.2
U011,Mutual Fund,Google,1328.8,2354.93,2024-07-27,77.22
U013,Stock,Apple,2149.18,567.22,2017-11-25,-73.61
U011,Stock,Ethereum,2441.85,-805.04,2023-09-11,-132.97
U005,Crypto,US Treasury Bond,1993.39,928.4,2021-04-13,-53.43
U006,Bond,Tesla,1788.23,2535.94,2018-12-20,41.81
U013,Bond,Google,2471.83,3112.92,2018-10-05,25.94
U012,Mutual Fund,Google,1736.68,-373.21,2023-08-05,-121.49
U009,Mutual Fund,Ethereum,3049.54,676.91,2021-01-31,-77.8
U012,ETF,Google,1694.0,1307.19,2018-04-28,-22.83
U003,ETF,US Treasury Bond,3017.34,2188.25,2017-09-23,-27.48
U003,Crypto,Apple,1156.42,3504.18,2023-06-13,203.02
U011,Bond,Bitcoin,2122.02,575.65,2020-04-21,-72.87
U015,Bond,Bitcoin,3341.74,-32.8,2018-07-21,-100.98
U003,Mutual Fund,Google,1353.92,-552.38,2022-04-10,-140.8
U013,Bond,Bitcoin,6145.27,2760.05,2021-11-22,-55.09
U014,Bond,Tesla,1525.22,364.21,2018-08-13,-76.12
U008,Stock,US Treasury Bond,922.32,706.57,2020-04-24,-23.39
U010,ETF,Vanguard S&P 500,1710.43,3351.31,2023-09-29,95.93
U006,Crypto,Bitcoin,1682.37,2171.18,2018-02-28,29.05
U003,Stock,Ethereum,298.99,2187.07,2020-01-20,631.49
U006,Mutual Fund,Bitcoin,-239.67,2225.03,2019-01-31,-1028.37
U005,Crypto,Apple,137.15,3261.47,2023-12-02,2278.03
U008,Stock,Apple,816.2,2451.81,2023-10-01,200.39
U007,Crypto,Vanguard S&P 500,23.34,2981.96,2023-04-27,12676.18
U012,Mutual Fund,Bitcoin,3032.83,2774.79,2018-12-30,-8.51
U002,Crypto,Ethereum,3327.63,846.69,2021-10-31,-74.56
U011,Mutual Fund,Vanguard S&P 500,1827.85,-192.22,2024-12-03,-110.52
U013,Bond,Vanguard S&P 500,1994.08,2532.0,2018-07-26,26.98
U003,Bond,US Treasury Bond,1829.45,1642.25,2023-09-29,-10.23
U009,ETF,Tesla,1376.14,1131.43,2022-12-30,-17.78
U006,Mutual Fund,Tesla,5422.46,-194.46,2017-12-05,-103.59
U006,Mutual Fund,Tesla,1240.76,3481.68,2021-08-16,180.61
U013,Mutual Fund,Ethereum,2607.99,1309.24,2022-09-05,-49.8
U005,Stock,Ethereum,1200.47,685.94,2018-08-01,-42.86
U010,ETF,Apple,2200.73,1574.16,2021-02-26,-28.47
U015,Bond,Vanguard S&P 500,1515.61,38.3,2018-08-12,-97.47
U003,Crypto,Bitcoin,1716.14,3733.34,2018-08-06,117.54
U002,Stock,Ethereum,2890.78,2370.82,2022-10-11,-17.99
U012,ETF,Vanguard S&P 500,2740.68,2925.98,2022-11-06,6.76
U006,Stock,Bitcoin,1863.5,2212.07,2019-08-28,18.71
U012,Stock,Apple,2830.41,1776.24,2024-03-24,-37.24
U007,ETF,Tesla,2812.72,940.07,2020-05-04,-66.58
U015,Stock,US Treasury Bond,1011.96,2677.65,2017-02-09,164.6
U006,Mutual Fund,Ethereum,2002.06,1522.83,2018-01-17,-23.94
U011,Crypto,Ethereum,910.92,2143.15,2022-12-05,135.27
U011,Bond,Ethereum,2680.18,2160.61,2017-12-03,-19.39
U002,Crypto,Vanguard S&P 500,4741.39,1741.48,2023-10-02,-63.27
U013,Crypto,Ethereum,3266.05,882.61,2023-09-08,-72.98
U008,Mutual Fund,Bitcoin,3165.69,2474.52,2023-11-07,-21.83
U008,Bond,Bitcoin,2548.04,2515.81,2022-08-12,-1.26
U013,Stock,Apple,2096.85,-651.16,2022-01-10,-131.05
U012,Bond,Vanguard S&P 500,2412.63,2239.67,2017-05-02,-7.17
U011,ETF,Tesla,1891.75,1216.59,2018-10-10,-35.69
U009,Crypto,Bitcoin,2737.24,1162.72,2018-10-28,-57.52
U005,Stock,Apple,2165.92,2425.89,2022-10-23,12.0
U012,Mutual Fund,Apple,1792.95,3355.61,2018-01-30,87.16
U002,Bond,Ethereum,1470.14,5247.66,2020-04-08,256.95
U011,Crypto,US Treasury Bond,1432.12,1829.83,2018-07-28,27.77
U004,Bond,Tesla,4247.48,694.62,2024-01-20,-83.65
U010,Stock,Bitcoin,-966.07,1803.74,2023-12-07,-286.71
U006,Crypto,Apple,961.24,1433.98,2017-04-16,49.18
U011,Mutual Fund,Bitcoin,1650.81,1639.37,2024-04-02,-0.69
U008,Mutual Fund,Ethereum,1043.61,3118.78,2024-08-12,198.85
U014,ETF,Apple,2480.42,3043.47,2024-05-10,22.7
U003,Stock,Vanguard S&P 500,967.28,1934.14,2022-08-11,99.96
U015,Mutual Fund,Bitcoin,467.44,3879.55,2017-01-05,729.96
U012,Crypto,Ethereum,1973.69,71.65,2017-01-15,-96.37
U002,Bond,Tesla,2653.43,767.42,2017-05-05,-71.08
U010,Bond,Tesla,1816.68,4057.33,2018-09-16,123.34
U002,Mutual Fund,Vanguard S&P 500,72.93,4555.2,2023-06-03,6145.99
U006,ETF,Apple,2281.0,1734.94,2017-09-17,-23.94
U003,Mutual Fund,US Treasury Bond,1974.43,1747.91,2020-05-06,-11.47
U005,ETF,Apple,1752.51,2449.25,2021-05-01,39.76
U005,Crypto,Ethereum,3257.04,221.75,2017-01-21,-93.19
U013,ETF,US Treasury Bond,4047.95,4389.34,2018-08-07,8.43
U010,Stock,Vanguard S&P 500,2635.53,4168.88,2018-02-07,58.18
U008,Crypto,Bitcoin,808.3,2139.28,2021-01-09,164.66
U015,ETF,Apple,2379.49,1500.75,2017-05-04,-36.93
U005,Mutual Fund,Vanguard S&P 500,1326.56,3265.86,2023-01-31,146.19
U012,Crypto,Ethereum,3535.92,161.92,2022-02-05,-95.42
U015,Bond,Bitcoin,2652.68,1552.66,2024-03-28,-41.47
U003,Crypto,Google,384.1,698.87,2019-06-29,81.95
U008,Mutual Fund,Ethereum,2872.54,-854.11,2024-04-28,-129.73
U007,Bond,Bitcoin,1624.03,3387.17,2023-12-02,108.57
U010,Stock,Tesla,2498.04,475.34,2020-06-11,-80.97
U010,Crypto,US Treasury Bond,1290.85,1609.57,2020-11-22,24.69
U005,Bond,Tesla,1648.2,1639.76,2021-12-06,-0.51
U003,Bond,US Treasury Bond,907.81,-97.2,2023-01-17,-110.71
U008,Crypto,Bitcoin,1704.71,2881.88,2020-09-07,69.05
U015,ETF,US Treasury Bond,1937.81,888.86,2018-03-26,-54.13
U003,Crypto,Bitcoin,1849.91,1757.53,2018-05-09,-4.99
U001,Stock,US Treasury Bond,2224.06,1959.4,2023-06-21,-11.9
U002,Mutual Fund,Ethereum,2110.71,1614.15,2024-09-11,-23.53
U011,ETF,Vanguard S&P 500,3212.91,-1104.74,2017-12-02,-134.38
U010,Mutual Fund,Tesla,2007.96,1483.59,2020-11-10,-26.11
U004,ETF,Bitcoin,-577.77,2144.88,2021-09-19,-471.23
U007,Stock,Tesla,1974.71,3044.31,2019-05-13,54.16
U011,Crypto,US Treasury Bond,1926.94,3598.32,2017-06-01,86.74
U002,Crypto,Google,604.37,886.68,2021-02-02,46.71
U012,Mutual Fund,US Treasury Bond,1154.6,2462.55,2020-12-06,113.28
U015,Crypto,Ethereum,3907.18,626.88,2018-06-25,-83.96
U014,Bond,Apple,922.44,3395.28,2024-07-07,268.08
U007,ETF,Google,2994.11,2116.13,2019-08-14,-29.32
U013,Stock,Bitcoin,1445.56,1420.43,2017-03-17,-1.74
U011,Stock,US Treasury Bond,1511.67,982.96,2018-09-13,-34.98
U014,Crypto,Bitcoin,1220.29,3636.88,2022-05-16,198.03
U011,Bond,Bitcoin,1516.03,4809.92,2021-09-01,217.27
U009,Mutual Fund,Vanguard S&P 500,1433.89,1380.66,2021-12-15,-3.71
U013,Bond,Ethereum,3312.11,3822.63,2018-09-20,15.41
U015,Mutual Fund,Vanguard S&P 500,856.94,1875.74,2021-10-27,118.89
U002,Bond,Vanguard S&P 500,1720.18,950.92,2023-11-28,-44.72
U003,Mutual Fund,Google,1353.88,2239.81,2017-06-08,65.44
U006,Stock,US Treasury Bond,821.51,1447.94,2017-06-18,76.25
U007,Stock,Apple,1078.74,247.24,2022-04-04,-77.08
U002,Stock,Apple,947.85,2558.09,2024-04-27,169.88
U009,ETF,Bitcoin,2065.8,2783.42,2024-04-06,34.74
U008,Bond,Bitcoin,4499.86,3151.32,2023-07-21,-29.97
U009,Mutual Fund,Ethereum,2738.59,3048.84,2021-04-03,11.33
U005,ETF,Google,-94.69,1686.88,2023-02-03,-1881.48
U002,Mutual Fund,Apple,2086.51,3304.36,2023-03-09,58.37
U013,Mutual Fund,Tesla,850.13,1525.07,2019-04-29,79.39
U012,Bond,US Treasury Bond,1711.98,1401.79,2017-03-18,-18.12
U004,Crypto,Tesla,2104.56,392.17,2021-11-05,-81.37
U010,Crypto,Apple,1081.05,2865.76,2022-11-08,165.09
U003,Stock,Vanguard S&P 500,2169.67,1471.14,2017-06-16,-32.2
U010,Bond,Bitcoin,1554.37,4105.21,2020-08-05,164.11
U007,Bond,Bitcoin,2919.22,4997.8,2023-04-15,71.2
U013,Bond,US Treasury Bond,2437.01,3751.27,2017-07-20,53.93
U003,Crypto,Apple,2589.48,1089.64,2018-02-02,-57.92
U005,Crypto,Apple,385.8,2700.92,2023-12-28,600.08
U015,Crypto,Bitcoin,458.12,1629.76,2024-09-17,255.75
U009,Stock,US Treasury Bond,1413.75,1459.35,2020-08-21,3.23
U003,Crypto,US Treasury Bond,3583.94,789.0,2020-02-06,-77.99
U009,Crypto,US Treasury Bond,2576.71,1910.41,2024-04-25,-25.86
U007,Stock,Apple,1356.32,543.67,2021-09-18,-59.92
U010,Bond,Ethereum,728.17,574.68,2024-03-13,-21.08
U001,Crypto,Ethereum,2577.55,2410.29,2019-05-25,-6.49
U008,Crypto,US Treasury Bond,474.05,1977.08,2024-06-11,317.06
U010,Crypto,Ethereum,1185.77,1706.42,2023-06-04,43.91
U004,Crypto,Ethereum,1614.15,2612.64,2020-05-15,61.86
U004,Crypto,Google,1463.94,3032.62,2018-11-05,107.15
U001,Stock,Google,2635.31,4769.09,2017-01-11,80.97
U010,Bond,Vanguard S&P 500,2655.93,2068.38,2020-06-24,-22.12
U004,Mutual Fund,Google,2349.39,1679.8,2024-02-11,-28.5
U009,Stock,Bitcoin,3152.1,1304.31,2017-12-06,-58.62
U015,Stock,Ethereum,2331.83,2669.24,2023-09-19,14.47
U011,Stock,Ethereum,2313.05,3488.4,2023-12-13,50.81
U014,Mutual Fund,Apple,3030.53,2853.88,2024-08-03,-5.83
U011,Crypto,Apple,1223.47,2875.9,2017-03-25,135.06
U015,Stock,Vanguard S&P 500,2978.08,1203.61,2018-12-18,-59.58
U012,Bond,Apple,3448.42,3401.91,2021-08-26,-1.35
U004,Stock,US Treasury Bond,1691.29,2371.09,2020-06-12,40.19
U012,Stock,Apple,983.34,3036.72,2024-01-03,208.82
U003,Mutual Fund,Apple,3169.08,525.3,2019-01-06,-83.42
U012,ETF,US Treasury Bond,1649.27,1283.08,2017-11-20,-22.2
U007,ETF,Bitcoin,2130.49,-15.16,2021-05-26,-100.71
U007,ETF,Google,4119.6,3527.5,2019-05-15,-14.37
U011,Bond,Apple,1433.62,1311.5,2018-09-09,-8.52
U006,Stock,US Treasury Bond,1876.06,2161.8,2023-11-07,15.23
U014,Crypto,Ethereum,1827.54,4841.15,2019-09-05,164.9
U002,Bond,Vanguard S&P 500,1823.51,2032.17,2023-05-11,11.44
U010,Bond,Apple,3456.67,1672.97,2020-06-02,-51.6
U006,Mutual Fund,Tesla,1699.23,1569.15,2021-11-14,-7.66
U002,Mutual Fund,Ethereum,1729.74,4183.28,2021-07-21,141.84
U001,Bond,Apple,710.91,686.05,2024-09-02,-3.5
U004,Bond,Google,1378.99,4056.9,2024-04-26,194.19
U003,Mutual Fund,Apple,549.07,2270.38,2022-06-05,313.5
U001,ETF,Apple,284.84,1902.63,2020-05-30,567.96
U010,Bond,Vanguard S&P 500,1920.98,1283.68,2021-05-06,-33.18
U002,Mutual Fund,US Treasury Bond,1700.99,221.93,2022-11-25,-86.95
U006,Crypto,Ethereum,2893.58,3786.87,2017-09-19,30.87
U014,Stock,Bitcoin,626.44,2182.24,2022-12-01,248.36
U014,ETF,Ethereum,1556.8,2453.15,2024-11-24,57.58
U002,Bond,Tesla,2381.22,2665.9,2017-10-07,11.96
U010,Mutual Fund,Google,-212.43,4548.68,2023-05-01,-2241.26
U012,Stock,Tesla,1256.8,380.94,2023-10-09,-69.69
U012,ETF,Vanguard S&P 500,3040.77,2206.17,2024-05-28,-27.45
U002,Stock,Vanguard S&P 500,1956.9,4164.8,2019-06-20,112.83
U003,Mutual Fund,Google,1822.17,3957.14,2018-09-24,117.17
U004,Mutual Fund,Apple,1996.79,975.91,2019-12-06,-51.13
U010,ETF,Ethereum,-482.99,1228.85,2017-04-22,-354.43
U006,Stock,Ethereum,1881.83,695.6,2024-07-27,-63.04
U005,Bond,US Treasury Bond,2233.59,4301.65,2019-05-14,92.59
U002,ETF,Google,4784.57,1326.26,2017-10-13,-72.28
U009,Bond,Vanguard S&P 500,1482.61,988.71,2020-03-01,-33.31
U001,Bond,Ethereum,3350.83,3645.95,2023-07-24,8.81
U013,Mutual Fund,Tesla,370.89,2693.15,2021-06-02,626.13
U011,Crypto,Ethereum,2198.86,1854.13,2023-10-17,-15.68
U015,Crypto,Vanguard S&P 500,2375.39,1592.67,2023-01-11,-32.95
U007,Stock,Ethereum,2116.52,1828.45,2019-11-28,-13.61
U010,Bond,Bitcoin,2861.45,3376.05,2020-11-15,17.98
U008,ETF,Google,708.47,2732.5,2021-10-01,285.69
U015,Crypto,Bitcoin,1876.51,2365.79,2020-06-02,26.07
U015,Mutual Fund,Apple,289.62,1150.96,2020-01-04,297.4
U003,Mutual Fund,US Treasury Bond,1631.86,2537.95,2020-02-26,55.52
U011,Stock,Google,3114.08,2654.98,2023-09-08,-14.74
U014,Mutual Fund,Ethereum,2192.56,2057.7,2024-10-12,-6.15
U006,ETF,Google,1996.7,2333.75,2018-05-17,16.88
U011,Mutual Fund,US Treasury Bond,1641.72,2627.12,2022-09-03,60.02
U010,Stock,Bitcoin,91.05,625.69,2017-10-31,587.19
U007,Stock,Tesla,1142.38,2739.41,2020-11-22,139.8
U003,Mutual Fund,Ethereum,1938.38,-1057.42,2022-03-27,-154.55
U004,Crypto,Apple,-1287.49,2285.9,2017-07-02,-277.55
U005,Bond,Apple,704.63,2781.36,2021-02-19,294.73
U002,Stock,Bitcoin,1965.59,2770.88,2022-12-22,40.97
U012,Crypto,Bitcoin,3426.35,2916.54,2021-08-05,-14.88
U008,Crypto,Google,1766.01,1326.53,2021-05-18,-24.89
U008,Stock,Tesla,2093.55,-491.03,2024-02-07,-123.45
U003,ETF,Ethereum,1584.63,1155.92,2024-06-01,-27.05
U009,ETF,Bitcoin,1942.23,2205.3,2022-03-09,13.54
U010,ETF,Ethereum,2873.45,3867.08,2021-12-03,34.58
U009,ETF,Vanguard S&P 500,2318.07,2086.15,2019-08-31,-10.0
U015,ETF,Bitcoin,1894.02,3184.02,2019-03-21,68.11
U005,Stock,Vanguard S&P 500,1779.41,2075.4,2023-08-20,16.63
U008,Crypto,Tesla,2360.69,2497.45,2023-01-18,5.79
U014,Bond,Ethereum,926.75,1288.35,2023-06-14,39.02
U010,Crypto,Tesla,1340.24,971.88,2024-07-02,-27.48
U011,Bond,Tesla,1257.19,1443.66,2018-04-11,14.83
U015,Stock,Tesla,4780.24,3537.75,2019-05-09,-25.99
U011,ETF,Apple,2333.74,5708.35,2017-06-13,144.6
U008,Bond,Vanguard S&P 500,3003.68,2009.65,2017-05-12,-33.09
U003,Bond,Ethereum,2407.39,1159.35,2021-07-27,-51.84
U012,Crypto,US Treasury Bond,3263.49,2446.39,2022-06-11,-25.04
U003,Stock,Google,1949.6,2514.48,2017-04-22,28.97
U008,Stock,Ethereum,2277.28,2083.83,2018-08-20,-8.49
U015,Crypto,Bitcoin,1043.44,2253.05,2021-12-18,115.93
U008,Crypto,Ethereum,2173.6,2090.26,2023-09-29,-3.83
U014,Mutual Fund,Bitcoin,2406.51,897.4,2019-02-08,-62.71
U008,Bond,Google,3902.54,2209.64,2021-08-28,-43.38
U010,Crypto,Apple,787.2,2337.85,2024-05-18,196.98
U012,Crypto,US Treasury Bond,2995.29,2267.9,2018-02-21,-24.28
U004,Stock,Vanguard S&P 500,1696.64,2941.27,2024-08-15,73.36
U015,Crypto,Apple,2517.03,1527.15,2018-10-24,-39.33
U011,Mutual Fund,Google,4329.9,1175.93,2021-06-22,-72.84
U002,Bond,Apple,2815.27,2496.7,2019-12-22,-11.32
U014,Mutual Fund,Vanguard S&P 500,3292.39,3483.02,2021-09-12,5.79
U003,Crypto,Bitcoin,2639.0,3112.29,2021-08-20,17.93
U009,Crypto,US Treasury Bond,1111.88,2394.32,2023-08-07,115.34
U010,Crypto,Google,3846.33,2844.86,2022-10-25,-26.04
U007,Stock,Apple,1275.95,2468.74,2017-11-13,93.48
U002,Mutual Fund,Vanguard S&P 500,2307.26,1065.78,2022-10-15,-53.81
U009,ETF,Vanguard S&P 500,1999.61,2853.18,2024-08-25,42.69
U008,ETF,US Treasury Bond,2907.14,1964.12,2020-07-08,-32.44
U006,Crypto,Bitcoin,1071.18,2632.44,2024-01-23,145.75
U005,Mutual Fund,Ethereum,1362.38,1152.47,2021-12-11,-15.41
U005,ETF,Ethereum,1183.29,479.06,2023-06-17,-59.51
U012,Mutual Fund,Tesla,3240.17,3186.01,2022-01-30,-1.67
U012,Crypto,Tesla,2557.7,3406.26,2022-03-15,33.18
U007,Stock,Apple,2794.64,1513.33,2022-05-31,-45.85
U007,Crypto,Tesla,754.42,835.24,2019-04-04,10.71
U005,Bond,Vanguard S&P 500,1926.12,1757.4,2024-04-13,-8.76
U009,Stock,Apple,1238.76,2476.78,2018-05-02,99.94
U005,Mutual Fund,Vanguard S&P 500,3044.68,1698.26,2023-03-30,-44.22
U015,Stock,Ethereum,1.77,951.29,2021-02-27,53645.2
U001,ETF,Tesla,1834.48,1143.01,2024-03-26,-37.69
U003,Bond,Tesla,1076.21,1554.22,2023-05-28,44.42
U005,Stock,Apple,1872.27,1961.38,2020-02-26,4.76
U003,Stock,Tesla,3390.01,1531.88,2020-05-23,-54.81
U006,Bond,Vanguard S&P 500,3662.8,778.93,2023-03-30,-78.73
U005,Mutual Fund,US Treasury Bond,3098.47,3389.53,2024-02-18,9.39
U007,ETF,Bitcoin,844.69,3984.02,2022-12-01,371.65
U014,ETF,Ethereum,3820.85,2319.4,2020-09-24,-39.3
U011,ETF,Ethereum,2538.56,610.3,2019-02-13,-75.96
U013,Mutual Fund,Google,1518.37,1807.94,2017-09-24,19.07
U011,Bond,Tesla,488.28,966.58,2023-01-31,97.96
U002,Crypto,Ethereum,3244.04,1857.79,2019-10-10,-42.73
U006,Stock,Google,273.7,3337.51,2020-09-14,1119.4
U003,Crypto,Google,2402.4,2607.03,2024-01-13,8.52
U015,Stock,Google,3366.07,1583.77,2017-07-08,-52.95
U015,Mutual Fund,Apple,1890.88,2052.08,2017-03-04,8.53
U013,Crypto,Tesla,1885.6,1573.15,2021-03-03,-16.57
U014,Crypto,Tesla,1834.35,2596.83,2024-06-10,41.57
U014,Bond,US Treasury Bond,1845.81,3155.34,2024-01-15,70.95
U004,ETF,Ethereum,-639.12,1567.57,2021-01-22,-345.27
U005,Stock,Vanguard S&P 500,2823.63,417.46,2023-02-10,-85.22
U013,Mutual Fund,Ethereum,1495.26,3264.62,2023-12-12,118.33
U005,Stock,Tesla,-409.98,1561.11,2023-02-10,-480.78
U014,Stock,Vanguard S&P 500,894.33,1998.93,2023-06-08,123.51
U012,Bond,US Treasury Bond,3145.61,3681.03,2019-06-15,17.02
U004,Stock,Vanguard S&P 500,2205.24,3019.2,2019-08-05,36.91
U003,Bond,Ethereum,1841.1,541.25,2020-10-08,-70.6
U010,Stock,US Treasury Bond,1815.41,874.34,2022-04-13,-51.84
U015,Crypto,Vanguard S&P 500,1689.75,1462.41,2022-08-17,-13.45
U004,Crypto,Ethereum,1650.38,2497.46,2022-11-29,51.33
U013,Stock,Apple,2798.88,2571.16,2022-05-01,-8.14
U003,Bond,Apple,539.26,527.37,2020-07-17,-2.2
U008,Crypto,Tesla,1220.23,2003.48,2022-05-22,64.19
U014,Bond,Ethereum,1526.91,3923.08,2021-02-21,156.93
U004,Mutual Fund,US Treasury Bond,2692.12,3068.98,2020-03-17,14.0
U001,Bond,Apple,2151.95,1518.3,2020-12-04,-29.45
U006,Stock,Google,447.44,1909.82,2021-07-16,326.83
U007,Mutual Fund,Tesla,1696.23,-371.65,2020-07-16,-121.91
U013,Mutual Fund,Google,307.99,228.03,2018-05-16,-25.96
U007,Bond,Apple,2915.38,2661.72,2023-07-15,-8.7
U011,Crypto,Ethereum,3146.68,1031.73,2018-08-16,-67.21
U006,ETF,Ethereum,2270.88,1447.26,2023-10-31,-36.27
U011,Bond,Ethereum,2323.94,1474.67,2022-08-17,-36.54
U010,ETF,Google,3054.28,1005.31,2024-10-22,-67.09
U001,Bond,Bitcoin,1315.19,3516.71,2020-04-23,167.39
U012,ETF,US Treasury Bond,1734.33,2846.99,2020-01-25,64.16
U001,Crypto,US Treasury Bond,2279.03,3352.21,2021-01-12,47.09
U004,ETF,Apple,1259.33,1863.11,2020-07-12,47.94
U004,ETF,Bitcoin,2643.81,979.21,2024-05-29,-62.96
U004,Stock,US Treasury Bond,2195.9,1794.87,2023-09-05,-18.26
U008,Bond,Google,2058.65,3509.02,2023-04-05,70.45
U003,Bond,US Treasury Bond,2429.39,2687.14,2020-03-20,10.61
U007,Stock,US Treasury Bond,145.53,1504.2,2017-09-21,933.6
U008,Bond,Tesla,2204.55,1382.78,2017-09-15,-37.28
U012,ETF,Apple,3109.57,1813.42,2019-05-22,-41.68
U012,Bond,Google,3103.79,3317.32,2024-10-22,6.88
U010,Stock,Google,3832.02,2547.93,2023-10-05,-33.51
U008,Bond,Bitcoin,2283.72,1322.6,2020-11-24,-42.09
U002,Mutual Fund,Bitcoin,3623.11,-1610.3,2024-01-26,-144.45
U009,Stock,Tesla,2483.31,1637.42,2022-09-15,-34.06
U006,Mutual Fund,Ethereum,1716.08,870.6,2020-01-13,-49.27
U011,Stock,Vanguard S&P 500,2426.73,1007.28,2019-11-23,-58.49
U010,Mutual Fund,Bitcoin,3158.23,1869.0,2018-08-17,-40.82
U007,ETF,Bitcoin,2202.44,1124.02,2023-07-07,-48.96
U004,ETF,US Treasury Bond,644.4,1708.95,2022-02-23,165.2
U006,Bond,Vanguard S&P 500,1772.96,2295.7,2023-07-20,29.48
U006,Mutual Fund,US Treasury Bond,-64.5,3726.54,2018-09-30,-5877.58
U004,Stock,Vanguard S&P 500,1584.24,3071.54,2017-02-19,93.88
U015,Bond,US Treasury Bond,947.32,1565.14,2018-08-13,65.22
U004,ETF,Bitcoin,2694.92,2051.95,2021-08-12,-23.86
U003,Stock,Google,1853.33,2787.37,2017-04-27,50.4
U007,Crypto,Google,645.86,2582.8,2022-07-06,299.9
U005,Crypto,Google,678.99,2161.52,2018-01-02,218.34
U006,Stock,Ethereum,2682.06,2358.11,2024-04-27,-12.08
U011,Crypto,Bitcoin,3002.29,4121.93,2018-06-06,37.29
U006,ETF,Vanguard S&P 500,1059.69,3514.16,2019-03-11,231.62
U008,Crypto,US Treasury Bond,1714.86,3960.08,2020-09-27,130.93
U015,Bond,Google,3256.94,461.51,2023-08-07,-85.83
U008,Stock,Tesla,492.39,4177.55,2024-08-31,748.42
U003,ETF,Bitcoin,2262.92,1711.54,2019-02-23,-24.37
U001,Bond,Bitcoin,1573.8,2392.42,2024-04-22,52.02
U004,ETF,Ethereum,1408.18,1976.46,2020-12-23,40.36
U001,ETF,Bitcoin,2482.57,1155.7,2024-06-01,-53.45
U010,Stock,US Treasury Bond,1419.13,-451.36,2021-03-02,-131.81
U015,Bond,Vanguard S&P 500,1114.57,1978.79,2022-12-01,77.54
U001,ETF,Apple,1240.53,278.92,2018-03-14,-77.52
U012,Bond,Apple,2869.23,3430.73,2018-12-31,19.57
U005,ETF,Bitcoin,1532.77,3108.76,2024-12-13,102.82
U009,Crypto,Google,2800.08,3388.5,2024-02-11,21.01
U013,Crypto,Google,2793.6,679.31,2023-05-01,-75.68
U007,Stock,Apple,848.6,1789.83,2018-01-23,110.92
U013,Stock,Tesla,2528.78,762.1,2024-08-19,-69.86
U011,Bond,US Treasury Bond,1223.71,3824.12,2022-02-26,212.5
U014,ETF,Tesla,854.25,3214.55,2019-01-25,276.3
U003,Crypto,Bitcoin,1556.81,1042.83,2021-12-06,-33.01
U002,Bond,Apple,2476.82,708.0,2017-05-10,-71.41
U004,Crypto,Bitcoin,2664.2,1840.03,2023-05-12,-30.93
U009,Crypto,Tesla,566.87,1934.78,2020-05-10,241.31
U006,ETF,Vanguard S&P 500,1815.66,3187.37,2020-05-27,75.55
U013,Stock,US Treasury Bond,3686.83,3100.36,2018-02-17,-15.91
U012,Bond,Apple,2329.57,1745.56,2019-11-26,-25.07
U011,Bond,Vanguard S&P 500,386.61,4536.24,2017-12-25,1073.34
U009,Crypto,Apple,1593.94,1271.12,2024-06-26,-20.25
U012,Crypto,Bitcoin,2985.29,2189.51,2019-01-05,-26.66
U008,Stock,Bitcoin,907.29,2801.55,2020-04-11,208.78
U006,ETF,Ethereum,2789.56,2479.1,2021-04-21,-11.13
U001,Stock,Ethereum,2693.59,4638.39,2020-02-01,72.2
U009,Stock,Vanguard S&P 500,567.68,2217.17,2021-03-03,290.57
U011,Bond,Bitcoin,1520.36,2338.99,2024-05-09,53.84
U006,Bond,Apple,206.03,2532.67,2022-03-28,1129.27
U010,Crypto,Google,2132.25,1502.25,2017-09-14,-29.55
U009,ETF,US Treasury Bond,2272.5,1471.44,2019-09-21,-35.25
U012,Crypto,Tesla,1577.94,2838.14,2022-07-17,79.86
U002,Bond,Google,2305.87,2422.15,2020-09-04,5.04
U006,ETF,Apple,1443.45,2606.2,2023-07-23,80.55
U008,ETF,Ethereum,2120.37,683.12,2023-07-05,-67.78
U010,Bond,Google,2725.65,1228.63,2018-01-30,-54.92
U012,Crypto,Tesla,1888.82,2383.19,2019-04-16,26.17
U004,Bond,Ethereum,2444.67,2421.52,2019-07-22,-0.95
U009,ETF,Google,2040.8,3314.63,2018-06-17,62.42
U011,Crypto,Tesla,2261.8,2670.43,2018-07-02,18.07
U011,ETF,US Treasury Bond,2215.61,2772.95,2017-12-12,25.16
U015,Bond,Tesla,2394.25,1281.18,2018-11-18,-46.49
U004,Mutual Fund,Ethereum,3447.48,3231.75,2021-05-20,-6.26
U008,Bond,Google,766.07,571.81,2018-11-29,-25.36
U005,Mutual Fund,US Treasury Bond,380.32,1224.18,2019-03-15,221.88
U008,Crypto,Bitcoin,1861.6,1970.23,2022-03-15,5.84
U015,ETF,Vanguard S&P 500,1844.37,2226.59,2018-11-17,20.72
U012,Crypto,Bitcoin,3232.39,-170.56,2024-12-09,-105.28
U008,ETF,US Treasury Bond,2964.17,-43.76,2019-04-29,-101.48
U014,Mutual Fund,Vanguard S&P 500,1880.76,3875.58,2020-08-27,106.06
U004,Stock,Bitcoin,612.64,2439.76,2021-10-31,298.24
U011,ETF,Google,2052.69,670.08,2024-11-28,-67.36
U013,ETF,Ethereum,2045.21,1878.65,2018-02-27,-8.14
U013,Mutual Fund,Bitcoin,4020.71,-490.69,2023-01-01,-112.2
U003,Crypto,Google,1445.14,2217.13,2017-02-16,53.42
U011,Bond,Bitcoin,1580.81,3581.66,2022-11-01,126.57
U005,Crypto,Ethereum,1534.42,3403.31,2020-05-09,121.8
U004,Bond,Apple,4133.35,3397.53,2018-03-19,-17.8
U006,Mutual Fund,Tesla,1962.14,3114.0,2021-12-23,58.7
U008,ETF,Google,2433.84,2534.1,2017-04-23,4.12
U002,ETF,Vanguard S&P 500,3381.02,804.82,2022-01-08,-76.2
U005,Stock,Vanguard S&P 500,2537.67,1385.79,2018-09-16,-45.39
U012,Mutual Fund,Apple,1031.53,2792.62,2024-10-17,170.73
U001,ETF,Ethereum,3384.06,480.58,2021-07-13,-85.8
U015,Mutual Fund,Apple,2359.47,1146.1,2023-05-03,-51.43
U010,Bond,US Treasury Bond,1837.98,1656.55,2020-04-25,-9.87
U014,ETF,Bitcoin,3355.38,2243.39,2024-11-22,-33.14
U013,ETF,Bitcoin,1520.67,1420.55,2017-02-26,-6.58
U015,ETF,Bitcoin,2574.06,2447.47,2022-07-26,-4.92
U010,Bond,US Treasury Bond,3032.01,2631.68,2024-02-01,-13.2
U008,ETF,Bitcoin,1478.87,1718.94,2022-07-05,16.23
U006,Crypto,US Treasury Bond,3195.66,3870.36,2017-01-29,21.11
U007,Crypto,Tesla,3007.48,2524.68,2023-01-01,-16.05
U003,Stock,Ethereum,2451.43,2023.7,2017-12-07,-17.45
U007,Bond,Ethereum,3358.48,1038.96,2024-08-21,-69.06
U004,ETF,Tesla,2677.68,1810.99,2021-03-16,-32.37
U011,Crypto,US Treasury Bond,1591.03,1109.01,2024-10-30,-30.3
U009,ETF,Ethereum,2244.87,64.46,2019-08-08,-97.13
U003,Stock,Google,1708.07,4453.96,2024-12-28,160.76
U007,Bond,Apple,3564.51,593.13,2017-09-14,-83.36
U002,Mutual Fund,Vanguard S&P 500,2871.53,2612.65,2018-02-28,-9.02
U011,ETF,Vanguard S&P 500,194.46,1523.28,2024-03-19,683.34
U010,Stock,US Treasury Bond,3765.12,1203.57,2017-06-21,-68.03
U009,Stock,Ethereum,2321.54,2703.17,2017-11-11,16.44
U007,Crypto,Vanguard S&P 500,2906.26,1898.72,2020-04-15,-34.67
U013,ETF,Bitcoin,1653.48,2177.14,2023-12-21,31.67
U001,Bond,Ethereum,1503.84,1845.03,2020-11-11,22.69
U012,Crypto,US Treasury Bond,3174.64,1008.16,2024-01-01,-68.24
U002,Mutual Fund,Vanguard S&P 500,2775.53,3900.48,2023-04-03,40.53
U012,Bond,Tesla,1679.01,4417.96,2018-12-25,163.13
U015,Stock,Google,2383.99,2149.43,2021-10-01,-9.84
U010,ETF,Tesla,1917.87,2562.44,2020-01-10,33.61
U010,ETF,Vanguard S&P 500,3940.56,4402.35,2017-09-09,11.72
U014,ETF,Vanguard S&P 500,1453.37,-846.49,2020-11-25,-158.24
U008,Mutual Fund,US Treasury Bond,1920.64,740.56,2019-07-11,-61.44
U013,Bond,Vanguard S&P 500,1131.18,710.8,2017-11-09,-37.16
U002,ETF,Bitcoin,2245.56,1415.63,2017-03-31,-36.96
U009,Mutual Fund,Tesla,1270.69,241.95,2024-12-09,-80.96
U013,Bond,Apple,1493.77,1384.53,2018-08-21,-7.31
U011,ETF,Vanguard S&P 500,1963.8,2100.03,2021-07-18,6.94
U015,ETF,Bitcoin,2752.35,2120.23,2017-06-04,-22.97
U009,Stock,Apple,3159.96,4024.05,2017-06-06,27.34
U003,ETF,Apple,2238.88,1629.08,2024-01-25,-27.24
U015,Mutual Fund,Tesla,2086.26,1705.82,2020-01-03,-18.24
U003,Mutual Fund,Apple,2792.2,2555.12,2017-06-19,-8.49
U007,Mutual Fund,Ethereum,1186.27,2103.77,2018-02-10,77.34
U015,ETF,Tesla,1183.77,2835.21,2024-02-01,139.51
U010,Stock,US Treasury Bond,1734.64,2701.4,2019-08-20,55.73
U012,Bond,Ethereum,1875.64,508.89,2020-05-03,-72.87
U013,Stock,Apple,3119.73,1143.86,2023-08-04,-63.33
U003,Mutual Fund,US Treasury Bond,472.41,2457.95,2020-05-14,420.3
U011,ETF,Vanguard S&P 500,1687.84,2785.9,2020-03-14,65.06
U008,ETF,Apple,2308.16,1560.45,2021-03-06,-32.39
U002,ETF,Google,2336.02,2976.31,2021-02-01,27.41
U012,Mutual Fund,Vanguard S&P 500,1879.44,3051.72,2020-03-26,62.37
U007,Mutual Fund,Bitcoin,886.88,2843.27,2018-10-10,220.59
U006,ETF,Apple,1080.25,209.14,2022-01-28,-80.64
U014,Bond,Google,2004.49,1789.27,2019-09-04,-10.74
U007,ETF,US Treasury Bond,-284.32,2137.4,2017-06-23,-851.76
U004,Mutual Fund,US Treasury Bond,3480.57,1016.15,2023-06-30,-70.81
U011,Stock,Apple,1241.3,2667.55,2019-01-09,114.9
U010,Stock,Ethereum,4081.19,1085.58,2023-06-19,-73.4
U001,Bond,Bitcoin,2021.48,2272.48,2024-10-03,12.42
U012,Stock,Apple,3250.47,3093.02,2019-10-22,-4.84
U015,Bond,Vanguard S&P 500,1958.8,2602.81,2018-05-08,32.88
U002,Bond,Apple,1836.64,3837.52,2023-10-29,108.94
U015,Stock,Tesla,2910.56,828.47,2024-03-31,-71.54
U012,Crypto,US Treasury Bond,943.95,2212.42,2023-12-01,134.38
U003,ETF,Apple,514.73,1948.7,2021-08-29,278.59
U009,Crypto,Google,2092.88,1504.93,2019-06-14,-28.09
U015,ETF,Tesla,379.41,922.18,2019-10-13,143.06
U012,Mutual Fund,Tesla,2421.49,2645.08,2019-02-04,9.23
U002,Bond,Vanguard S&P 500,2922.53,2024.28,2021-07-31,-30.74
U001,Stock,US Treasury Bond,819.48,1821.7,2022-06-02,122.3
U013,Bond,US Treasury Bond,3003.16,5683.6,2023-11-17,89.25
U005,Bond,Tesla,1296.06,3119.33,2019-01-04,140.68
U001,Stock,Bitcoin,2544.65,1868.83,2017-04-26,-26.56
U004,Bond,Google,3427.36,3925.43,2023-06-02,14.53
U015,Mutual Fund,Bitcoin,3421.82,72.3,2017-01-30,-97.89
U007,Stock,Ethereum,1704.15,1495.24,2017-01-01,-12.26
U008,Bond,US Treasury Bond,899.37,2561.08,2019-07-22,184.76
U015,ETF,Google,1292.38,2673.47,2018-02-17,106.86
U013,Stock,Ethereum,1847.54,1735.29,2018-03-06,-6.08
U006,Bond,US Treasury Bond,2959.31,4259.77,2024-03-02,43.94
U010,Crypto,Vanguard S&P 500,1254.38,-119.69,2018-12-30,-109.54
U006,Crypto,Bitcoin,2519.49,2480.96,2018-12-07,-1.53
U006,Stock,Tesla,2843.05,2685.66,2019-12-29,-5.54
U010,Crypto,Tesla,1022.35,4405.38,2024-01-16,330.91
U008,Mutual Fund,Tesla,2559.45,3537.38,2022-09-10,38.21
U015,Bond,Tesla,1415.47,1477.19,2022-10-08,4.36
U013,Crypto,Apple,851.3,3501.62,2018-11-04,311.33
U002,Bond,Tesla,2953.11,1452.92,2024-03-23,-50.8
U015,Mutual Fund,Vanguard S&P 500,3160.55,2652.87,2018-07-04,-16.06
U014,Stock,Ethereum,1555.11,1182.96,2020-10-14,-23.93
U012,Mutual Fund,Tesla,4054.8,2512.21,2020-01-03,-38.04
U011,ETF,US Treasury Bond,1586.3,2149.08,2021-05-07,35.48
U011,Crypto,Apple,-215.26,1022.51,2019-08-05,-575.01
U009,Stock,Tesla,2995.0,1546.83,2024-07-24,-48.35
U014,Bond,Apple,721.66,-806.69,2019-09-19,-211.78
U012,Bond,Apple,2789.82,2851.09,2022-04-23,2.2
U012,ETF,Bitcoin,1984.16,3102.19,2024-07-07,56.35
U011,Crypto,Bitcoin,1400.77,2090.84,2018-03-16,49.26
U012,Stock,US Treasury Bond,964.34,2134.57,2019-10-22,121.35
U003,Crypto,US Treasury Bond,1555.43,1665.12,2021-05-04,7.05
U004,Bond,Ethereum,1913.92,3010.5,2024-06-07,57.29
U001,ETF,Bitcoin,3771.01,397.29,2019-12-20,-89.46
U005,Mutual Fund,US Treasury Bond,4570.54,4772.95,2017-06-18,4.43
U010,Crypto,Google,625.36,1561.27,2019-03-22,149.66
U012,Crypto,Google,2500.21,1136.7,2024-04-24,-54.54
U005,Crypto,Tesla,1378.66,3927.45,2022-04-30,184.87
U015,Crypto,Google,3846.57,5730.38,2021-07-25,48.97
U012,ETF,Ethereum,1914.18,442.85,2018-11-09,-76.86
U003,ETF,Tesla,1527.28,2368.45,2020-08-21,55.08
U015,ETF,Apple,1813.45,2811.34,2019-01-11,55.03
U005,Stock,US Treasury Bond,1095.03,4172.0,2022-06-05,280.99
U010,Stock,Vanguard S&P 500,1716.56,2845.19,2018-10-06,65.75
U012,Crypto,Bitcoin,2039.7,-436.28,2024-04-30,-121.39
U009,Bond,Bitcoin,1561.01,4119.75,2019-12-09,163.92
U011,Stock,Google,2788.8,874.59,2024-12-05,-68.64
U015,Bond,Tesla,1521.02,3802.86,2018-10-15,150.02
U014,Stock,US Treasury Bond,2933.22,3721.56,2020-06-15,26.88
U006,Bond,Bitcoin,3720.67,3544.25,2022-09-04,-4.74
U013,ETF,Tesla,1854.38,556.07,2017-01-08,-70.01
U007,ETF,Apple,2660.42,2690.55,2024-10-01,1.13
U007,Bond,Google,2430.55,4931.79,2017-06-22,102.91
U001,Stock,Apple,2903.15,1623.06,2021-06-08,-44.09
U004,Stock,Tesla,1813.92,1679.31,2019-07-24,-7.42
U009,Bond,Google,3427.42,1485.59,2023-11-18,-56.66
U001,Mutual Fund,Google,1436.48,858.96,2018-08-08,-40.2
U009,Stock,Ethereum,1603.69,3293.1,2024-06-06,105.35
U011,ETF,Apple,2340.88,1343.05,2022-08-01,-42.63
U001,ETF,Apple,1155.42,1118.59,2021-09-14,-3.19
U005,Stock,Tesla,103.71,2235.37,2024-09-30,2055.4
U002,Stock,Google,1921.89,2658.81,2023-09-20,38.34
U012,Stock,Vanguard S&P 500,699.06,2279.87,2022-09-13,226.13
U001,ETF,Ethereum,462.13,3780.66,2024-01-11,718.09
U011,Mutual Fund,Bitcoin,2513.2,2071.9,2020-10-29,-17.56
U006,Bond,Tesla,2198.45,3483.87,2020-02-20,58.47
U015,Stock,Google,3106.49,1518.91,2021-10-12,-51.11
U014,ETF,Vanguard S&P 500,2380.18,2315.55,2023-03-17,-2.72
U007,Crypto,Vanguard S&P 500,1718.03,1201.12,2024-12-08,-30.09
U013,Bond,Apple,2767.74,241.95,2019-01-12,-91.26
U012,ETF,Apple,2576.02,1743.79,2023-09-18,-32.31
U002,Crypto,Apple,2414.59,3853.83,2022-12-08,59.61
U015,Mutual Fund,Ethereum,1312.72,2585.2,2017-04-13,96.93
U014,Stock,US Treasury Bond,1249.49,-112.76,2021-01-11,-109.02
U007,Stock,Tesla,1115.74,790.22,2019-12-03,-29.18
U013,ETF,US Treasury Bond,2586.53,1869.54,2019-11-05,-27.72
U001,Bond,Google,1395.12,2039.76,2022-06-29,46.21
U003,ETF,Ethereum,22.89,3771.65,2019-06-08,16377.28
U003,Crypto,US Treasury Bond,1812.05,1759.6,2020-03-15,-2.89
U010,Crypto,US Treasury Bond,1193.85,1558.52,2024-09-23,30.55
U003,Bond,Vanguard S&P 500,2026.15,636.95,2022-08-30,-68.56
U005,ETF,Google,2791.31,2638.12,2022-02-16,-5.49
U003,Bond,Tesla,537.33,2394.29,2024-11-20,345.59
U008,Mutual Fund,Ethereum,3426.65,3056.17,2019-05-12,-10.81
U009,Crypto,Ethereum,2986.86,4364.47,2024-07-16,46.12
U004,Crypto,Tesla,2667.45,995.2,2024-11-25,-62.69
U015,Mutual Fund,Vanguard S&P 500,3616.51,1236.39,2022-02-10,-65.81
U012,Crypto,Google,1349.66,1846.7,2024-02-15,36.83
U011,Crypto,Tesla,1345.1,1570.14,2022-11-20,16.73
U015,Crypto,Bitcoin,2753.76,489.85,2018-02-26,-82.21
U008,Crypto,Apple,2966.18,1309.37,2019-03-19,-55.86
U002,Crypto,Ethereum,3134.01,2905.23,2018-10-15,-7.3
U004,ETF,Ethereum,872.37,4302.16,2017-01-10,393.16
U009,Stock,Bitcoin,2513.87,2057.83,2017-02-15,-18.14
U010,Stock,Tesla,3865.45,738.23,2019-06-23,-80.9
U010,Crypto,Tesla,2049.04,1932.59,2024-12-04,-5.68
U001,Crypto,Tesla,2838.15,659.18,2023-09-19,-76.77
U008,Crypto,Vanguard S&P 500,2501.68,5026.53,2022-07-26,100.93
U003,Crypto,Apple,1822.93,1864.28,2018-11-24,2.27
U009,Bond,Vanguard S&P 500,1546.7,1676.95,2019-03-04,8.42
U007,Crypto,Vanguard S&P 500,2486.02,4840.04,2018-09-20,94.69
U012,Crypto,Tesla,2163.25,2551.67,2022-04-26,17.96
U002,Mutual Fund,Google,2779.06,1467.2,2019-08-30,-47.21
U009,Mutual Fund,Bitcoin,1443.21,1701.63,2018-04-27,17.91
U010,Stock,Tesla,874.25,2675.04,2023-07-23,205.98
U014,Mutual Fund,US Treasury Bond,1386.54,-283.28,2019-09-11,-120.43
U010,Mutual Fund,Bitcoin,1564.96,2854.21,2017-04-24,82.38
U009,Crypto,Vanguard S&P 500,1326.17,3580.76,2024-04-30,170.01
U005,ETF,Ethereum,1819.13,2876.94,2019-10-15,58.15
U013,Bond,Tesla,3298.45,892.39,2018-11-14,-72.95
U013,Stock,Ethereum,1107.73,3075.14,2019-05-06,177.61
U010,Stock,Google,1346.76,2483.4,2021-07-09,84.4
U015,Stock,Google,1947.53,2626.5,2023-04-06,34.86
U001,Stock,Apple,2060.61,1489.29,2021-07-30,-27.73
U013,Crypto,Ethereum,2826.83,1207.93,2017-01-17,-57.27
U014,Crypto,Apple,561.26,2929.93,2018-04-01,422.03
U001,Crypto,Apple,2470.34,2403.48,2020-07-04,-2.71
U011,Bond,Ethereum,1932.55,2703.86,2018-03-19,39.91
U011,Crypto,Bitcoin,2048.83,282.19,2024-03-10,-86.23
U010,ETF,Google,3150.45,1365.84,2020-07-10,-56.65
U010,ETF,Ethereum,1475.9,236.51,2018-12-22,-83.98
U015,Crypto,Vanguard S&P 500,4010.29,3276.61,2019-05-28,-18.29
U015,Bond,Vanguard S&P 500,2259.58,4560.27,2021-07-29,101.82
U015,ETF,Tesla,2582.14,3258.02,2023-08-02,26.18
U006,Bond,Bitcoin,1528.75,1255.43,2020-04-03,-17.88
U009,ETF,Google,3530.3,2097.17,2019-07-14,-40.6
U010,Crypto,Vanguard S&P 500,1383.5,2101.71,2020-09-18,51.91
U011,Mutual Fund,Vanguard S&P 500,1541.87,2322.7,2018-01-13,50.64
U012,Mutual Fund,US Treasury Bond,2435.75,1481.28,2020-03-16,-39.19
U004,Stock,Apple,2657.32,2120.38,2019-04-22,-20.21
U009,Stock,US Treasury Bond,1861.16,1864.61,2024-01-07,0.19
U004,Crypto,US Treasury Bond,3230.79,2110.73,2024-10-08,-34.67
U014,Bond,Tesla,2662.23,3090.69,2021-10-19,16.09
U007,Stock,Google,2012.86,2096.72,2017-01-19,4.17
U008,Crypto,Apple,759.28,3316.78,2022-09-11,336.83
U010,Stock,Bitcoin,1695.59,3122.52,2020-08-08,84.16
U011,Crypto,Vanguard S&P 500,2621.63,2672.22,2020-06-17,1.93
U004,ETF,Bitcoin,2695.24,1815.21,2019-02-11,-32.65
U012,Bond,Apple,2792.31,537.61,2021-09-25,-80.75
U014,Stock,Bitcoin,672.84,1041.22,2017-03-12,54.75
U004,Crypto,Vanguard S&P 500,912.09,950.74,2017-10-14,4.24
U013,Stock,Tesla,1646.9,1859.66,2019-11-27,12.92
U007,Mutual Fund,Vanguard S&P 500,425.83,4180.63,2024-01-24,881.76
U008,Stock,US Treasury Bond,1140.63,1686.46,2018-08-20,47.85
U011,Bond,Ethereum,4603.64,2142.93,2024-01-25,-53.45
U001,Bond,US Treasury Bond,557.73,2650.4,2018-05-08,375.21
U014,Stock,US Treasury Bond,1662.68,848.0,2021-06-12,-49.0
U008,Stock,US Treasury Bond,256.94,3545.6,2021-10-12,1279.93
U007,Crypto,US Treasury Bond,2719.13,668.73,2022-05-17,-75.41
U006,Stock,Vanguard S&P 500,1573.12,2675.72,2023-02-19,70.09
U001,Crypto,Vanguard S&P 500,1371.02,2152.61,2017-04-15,57.01
U006,Bond,US Treasury Bond,629.98,2765.1,2020-01-02,338.92
U007,Crypto,Ethereum,2472.85,1182.07,2020-01-07,-52.2
U011,Bond,Apple,-573.77,1708.81,2023-04-16,-397.82
U006,ETF,Apple,1957.33,4487.89,2017-03-13,129.29
U014,Bond,Apple,1030.64,2524.51,2019-04-25,144.95
U010,Mutual Fund,Tesla,3245.34,2208.14,2024-06-22,-31.96
U004,Bond,Google,2695.26,2147.07,2017-12-31,-20.34
U014,Bond,Bitcoin,2082.93,1540.18,2019-01-03,-26.06
U010,Stock,Vanguard S&P 500,1313.99,1802.07,2018-08-14,37.14
U012,Crypto,Apple,1872.82,2948.85,2018-01-21,57.46
U012,Crypto,Tesla,1547.9,1780.08,2024-08-29,15.0
U010,Stock,Apple,1200.55,4553.58,2018-11-20,279.29
U015,ETF,Google,1508.77,3094.79,2023-03-18,105.12
U012,Mutual Fund,Vanguard S&P 500,2128.16,588.86,2017-02-05,-72.33
U014,Crypto,Vanguard S&P 500,2503.15,2158.78,2023-01-20,-13.76
U008,Bond,Apple,1515.82,2732.37,2019-05-04,80.26
U006,Crypto,Tesla,2664.36,2085.44,2018-08-22,-21.73
U015,ETF,Ethereum,1562.39,4410.09,2022-01-26,182.27
U005,Crypto,Ethereum,-19.09,2160.25,2018-07-11,-11416.13
U015,Stock,Tesla,2784.95,1399.95,2024-09-17,-49.73
U007,Bond,Bitcoin,3351.72,1239.15,2024-05-07,-63.03
U006,ETF,Bitcoin,1982.47,1616.79,2018-07-20,-18.45
U012,Stock,Google,2612.94,2268.19,2022-10-21,-13.19
U007,Bond,Bitcoin,2982.48,1948.95,2018-01-07,-34.65
U011,Mutual Fund,US Treasury Bond,3145.17,1970.32,2022-04-08,-37.35
U004,Crypto,US Treasury Bond,2799.74,3234.91,2017-08-11,15.54
U002,Bond,Bitcoin,2444.43,851.34,2022-07-26,-65.17
U003,Mutual Fund,Google,2388.7,595.01,2022-05-01,-75.09
U013,Bond,US Treasury Bond,1461.82,1847.74,2024-01-12,26.4
U014,Crypto,Google,1587.15,528.77,2022-12-22,-66.68
U008,Crypto,Ethereum,4950.69,2568.58,2021-12-18,-48.12
U008,Crypto,Google,2326.4,2558.87,2021-12-04,9.99
U011,Bond,Google,3485.33,1062.11,2020-01-06,-69.53
U015,Crypto,Google,2269.17,2268.78,2021-12-12,-0.02
U006,ETF,Ethereum,2452.53,968.04,2017-01-22,-60.53
U010,Crypto,Google,1360.01,4030.89,2019-01-06,196.39
U004,Mutual Fund,Tesla,1819.92,1805.32,2021-01-07,-0.8
U003,Mutual Fund,Tesla,3302.18,2694.39,2019-01-24,-18.41
U012,Crypto,Ethereum,4493.92,3066.45,2021-02-20,-31.76
U008,Mutual Fund,US Treasury Bond,2178.38,-138.92,2023-07-19,-106.38
U010,Bond,Bitcoin,2910.16,2021.03,2018-06-06,-30.55
U010,Stock,Google,1766.04,2011.33,2019-01-12,13.89
U014,Crypto,Ethereum,1383.38,2877.11,2023-07-31,107.98
U008,Bond,Apple,1817.99,724.72,2021-02-18,-60.14
U002,Bond,Ethereum,4119.42,2135.48,2019-01-31,-48.16
U013,Bond,US Treasury Bond,1427.01,1659.17,2024-10-12,16.27
U009,Bond,Ethereum,1106.82,1785.57,2020-02-25,61.32
U003,Mutual Fund,US Treasury Bond,1858.49,2270.08,2017-07-28,22.15
U004,Bond,Tesla,2785.25,4011.65,2023-07-02,44.03
U015,Mutual Fund,US Treasury Bond,173.9,670.58,2020-06-01,285.61
U013,Bond,Tesla,3201.16,517.17,2018-04-29,-83.84
U006,Crypto,US Treasury Bond,1334.64,2370.57,2017-03-07,77.62
U007,Mutual Fund,Tesla,2724.34,1741.89,2024-04-18,-36.06
U005,Crypto,Bitcoin,1039.14,1042.37,2019-05-05,0.31
U010,Mutual Fund,Bitcoin,2566.99,3087.75,2017-03-10,20.29
U014,Stock,Tesla,1358.58,369.47,2020-01-10,-72.8
U004,Bond,Google,1447.77,4294.7,2023-12-07,196.64
U014,Bond,Vanguard S&P 500,3706.14,3156.98,2018-06-09,-14.82
U007,ETF,US Treasury Bond,-391.75,2728.31,2024-05-12,-796.44
U009,Mutual Fund,US Treasury Bond,2301.17,1719.89,2018-11-24,-25.26
U003,Bond,Apple,3829.46,954.09,2023-03-23,-75.09
U007,ETF,Vanguard S&P 500,1405.8,1690.92,2022-02-10,20.28
U011,ETF,Tesla,2526.27,2256.37,2022-04-14,-10.68
U006,Mutual Fund,Bitcoin,257.82,2705.62,2018-01-13,949.42
U003,Mutual Fund,Google,400.68,1589.33,2022-04-29,296.66
U015,Mutual Fund,Bitcoin,2776.67,1773.86,2023-07-08,-36.12
U012,Mutual Fund,Apple,2273.61,2691.26,2024-10-26,18.37
U009,Bond,Tesla,1320.1,1262.99,2023-05-31,-4.33
U006,ETF,Bitcoin,498.5,4153.85,2022-11-01,733.27
U005,Crypto,Bitcoin,1714.06,626.93,2023-06-14,-63.42
U004,Stock,Bitcoin,2919.8,-1.69,2019-09-18,-100.06
U003,Stock,Tesla,2662.53,1904.46,2021-10-26,-28.47
U015,Mutual Fund,Google,1887.39,3387.58,2021-03-05,79.48
U005,ETF,Ethereum,3991.27,3093.89,2020-01-13,-22.48
U012,ETF,Tesla,1436.61,2906.0,2020-08-12,102.28
U005,Bond,Vanguard S&P 500,2689.05,2114.22,2023-05-19,-21.38
U001,Bond,Google,4058.32,1831.99,2024-05-23,-54.86
U011,Stock,Ethereum,853.78,2852.14,2019-01-04,234.06
U007,Mutual Fund,Tesla,2375.43,2170.38,2019-01-20,-8.63
U008,Stock,Ethereum,4259.65,1556.21,2019-01-31,-63.47
U009,Stock,Tesla,302.1,2277.43,2023-01-31,653.87
U015,Crypto,Ethereum,3692.8,1437.57,2020-06-08,-61.07
U007,Stock,Google,3523.45,2139.54,2020-01-10,-39.28
U014,ETF,Tesla,1708.59,1301.66,2017-05-03,-23.82
U005,Mutual Fund,Google,1404.96,283.07,2017-09-07,-79.85
U009,Mutual Fund,Apple,2922.35,3569.17,2024-03-16,22.13
U015,Stock,Vanguard S&P 500,972.9,3299.46,2024-12-18,239.14
U009,Bond,Google,-956.53,4460.42,2017-11-23,-566.31
U005,ETF,US Treasury Bond,1642.71,3606.36,2024-07-14,119.54
U009,Stock,Vanguard S&P 500,2107.71,2717.0,2021-12-13,28.91
U014,ETF,Apple,849.59,2975.68,2019-07-25,250.25
U003,Stock,US Treasury Bond,3139.92,1708.66,2020-01-13,-45.58
U004,Stock,Ethereum,3925.57,2096.03,2022-08-01,-46.61
U015,ETF,Ethereum,1593.75,2035.16,2019-12-19,27.7
U014,Mutual Fund,Tesla,2801.01,3175.99,2022-05-01,13.39
U002,ETF,US Treasury Bond,1016.65,1093.65,2017-01-09,7.57
U003,ETF,Ethereum,3236.52,2201.81,2023-09-10,-31.97
U001,ETF,Ethereum,2459.9,2909.65,2019-11-14,18.28
U015,ETF,Apple,3855.51,2254.92,2022-09-09,-41.51
U002,Crypto,Tesla,1788.82,2030.89,2021-03-20,13.53
U004,ETF,Tesla,3229.6,-507.13,2023-03-09,-115.7
U005,ETF,Ethereum,2511.65,2362.04,2020-11-10,-5.96
U010,Mutual Fund,Google,2269.41,3725.98,2023-02-04,64.18
U015,ETF,Ethereum,2012.1,1673.82,2022-12-23,-16.81
U006,Crypto,US Treasury Bond,1786.52,1641.31,2017-03-04,-8.13
U007,Mutual Fund,Ethereum,3025.76,674.74,2023-08-15,-77.7
U013,Crypto,Google,3864.61,1219.99,2023-12-14,-68.43
U003,ETF,Bitcoin,3694.48,2464.8,2020-05-05,-33.28
U003,ETF,US Treasury Bond,1821.15,2600.62,2023-11-08,42.8
U009,Stock,Ethereum,1637.06,1983.36,2023-03-23,21.15
U005,ETF,Google,971.13,2232.4,2018-01-13,129.88
U011,Stock,US Treasury Bond,912.18,3071.35,2024-06-10,236.7
U007,Bond,Vanguard S&P 500,2897.09,2317.37,2019-01-20,-20.01
U009,Stock,Vanguard S&P 500,937.83,-3.05,2021-12-25,-100.33
U008,Bond,Ethereum,1114.46,366.67,2023-08-29,-67.1
U004,Bond,Bitcoin,3201.71,3734.44,2019-06-18,16.64
U010,Crypto,Bitcoin,1277.76,2081.11,2017-07-02,62.87
U009,Crypto,Google,550.66,1338.06,2017-01-04,142.99
U005,ETF,Bitcoin,2585.92,2356.81,2022-11-22,-8.86
U014,ETF,Apple,2752.11,507.9,2024-02-29,-81.55
U009,Crypto,Vanguard S&P 500,2389.11,1934.8,2020-10-14,-19.02
U001,Bond,Apple,2627.09,2497.24,2020-06-01,-4.94
U015,Stock,Ethereum,3547.98,2245.22,2019-04-11,-36.72
U006,Mutual Fund,Tesla,2512.57,3283.9,2018-06-26,30.7
U010,Mutual Fund,Ethereum,1587.55,733.39,2024-03-02,-53.8
U011,Bond,US Treasury Bond,-467.11,1660.7,2021-02-17,-455.53
U015,Bond,Ethereum,2304.54,1664.46,2018-04-26,-27.77
U003,Crypto,Vanguard S&P 500,390.04,3092.14,2024-07-29,692.78
U003,Bond,Ethereum,992.42,1248.27,2018-04-29,25.78
U015,Bond,Apple,1538.05,2645.86,2021-12-05,72.03
U006,ETF,Vanguard S&P 500,2258.42,2929.53,2019-11-25,29.72
U011,Stock,Google,1722.58,1459.36,2017-06-15,-15.28
U012,Bond,Tesla,2600.03,4604.23,2023-12-01,77.08
U013,Crypto,Google,-28.59,3278.48,2022-04-16,-11567.23
U002,Mutual Fund,Ethereum,1700.19,2211.01,2020-09-09,30.04
U012,Crypto,Bitcoin,2593.59,1872.0,2022-04-22,-27.82
U012,Crypto,Google,3947.36,959.91,2019-06-24,-75.68
U009,Crypto,Vanguard S&P 500,1278.2,887.59,2021-02-25,-30.56
U004,Bond,Bitcoin,2161.0,780.97,2018-03-31,-63.86
U001,Stock,Tesla,1835.04,918.01,2018-09-30,-49.97
U005,Mutual Fund,Apple,1213.92,667.66,2017-07-07,-45.0
U003,Crypto,Ethereum,2329.24,4183.11,2022-06-16,79.59
U006,Stock,US Treasury Bond,2217.8,2097.55,2021-06-30,-5.42
U006,Crypto,Bitcoin,3230.71,894.98,2017-08-13,-72.3
U013,ETF,Vanguard S&P 500,681.01,365.3,2023-06-23,-46.36
U002,Crypto,Apple,1963.03,-164.18,2024-08-28,-108.36
U013,ETF,Apple,3051.4,-722.4,2017-07-30,-123.67
U002,Mutual Fund,Ethereum,1083.16,2207.58,2017-04-18,103.81
U009,Crypto,Vanguard S&P 500,1844.72,3237.04,2022-05-08,75.48
U004,Stock,Vanguard S&P 500,3165.88,1510.06,2018-08-03,-52.3
U002,Crypto,Bitcoin,1189.58,1845.8,2019-04-13,55.16
U010,Mutual Fund,Google,1926.56,1648.02,2020-03-01,-14.46
U003,Crypto,Tesla,1717.34,3155.79,2023-01-03,83.76
U005,Crypto,US Treasury Bond,1761.81,3844.4,2019-05-09,118.21
U010,Stock,Vanguard S&P 500,1007.99,2476.66,2021-01-05,145.7
U006,Stock,Google,668.75,1150.23,2021-05-22,72.0
U002,Mutual Fund,Apple,1443.84,3004.42,2023-09-04,108.09
U002,ETF,US Treasury Bond,2858.68,3640.86,2020-02-07,27.36
U005,Crypto,Tesla,1544.37,2427.39,2019-01-29,57.18
U007,Stock,Bitcoin,1380.47,1626.31,2019-02-02,17.81
U006,Crypto,Apple,2324.64,2483.07,2024-08-30,6.82
U011,Bond,Apple,1809.41,1503.9,2020-11-21,-16.88
U011,Bond,US Treasury Bond,3284.51,-797.01,2021-10-26,-124.27
U006,Stock,Bitcoin,1850.38,1083.44,2019-04-29,-41.45
U014,Crypto,Ethereum,374.32,1363.5,2017-11-21,264.26
U010,Crypto,US Treasury Bond,2407.31,2902.51,2023-12-28,20.57
U005,Stock,Bitcoin,1470.53,3672.24,2022-07-18,149.72
U013,Stock,Google,1405.69,2034.35,2022-06-12,44.72
U014,Crypto,Vanguard S&P 500,2260.9,2073.32,2021-10-02,-8.3
U014,ETF,Bitcoin,740.77,3306.84,2017-10-11,346.41
U004,ETF,Bitcoin,402.89,1433.56,2017-05-06,255.82
U003,Crypto,Google,2845.55,3158.84,2018-06-12,11.01
U008,Stock,Bitcoin,3486.37,2062.56,2021-08-29,-40.84
U002,ETF,US Treasury Bond,1360.35,1350.47,2017-10-26,-0.73
U003,Bond,Apple,3097.92,1910.89,2022-07-18,-38.32
U005,Stock,Ethereum,2293.39,3159.23,2022-04-16,37.75
U012,Mutual Fund,US Treasury Bond,1239.84,1825.04,2017-04-25,47.2
U005,Mutual Fund,Tesla,559.67,2096.91,2017-02-03,274.67
U014,Stock,Google,1851.58,507.91,2018-02-24,-72.57
U009,Stock,US Treasury Bond,1264.63,4383.82,2021-07-10,246.65
U009,Crypto,Apple,2420.73,3001.23,2018-01-06,23.98
U015,Bond,Vanguard S&P 500,3207.52,-236.38,2020-07-28,-107.37
U007,Stock,Google,3366.95,2086.79,2018-01-31,-38.02
U004,Stock,Vanguard S&P 500,2541.87,1471.14,2023-07-16,-42.12
U012,Bond,Ethereum,2252.8,2098.09,2024-06-08,-6.87
U002,Bond,US Treasury Bond,1635.37,2045.37,2024-05-19,25.07
U007,Mutual Fund,Tesla,1730.74,3379.06,2017-01-15,95.24
U012,ETF,Ethereum,2313.99,2496.15,2023-03-08,7.87
U010,ETF,US Treasury Bond,2427.02,3432.67,2019-05-19,41.44
U014,Mutual Fund,Tesla,2158.77,3045.54,2021-08-09,41.08
U008,Crypto,Ethereum,700.17,1021.82,2019-05-12,45.94
U009,ETF,Vanguard S&P 500,680.57,2943.45,2020-02-20,332.5
U006,Crypto,Google,1888.33,357.38,2021-04-30,-81.07
U007,Mutual Fund,Ethereum,3213.86,3389.93,2023-02-08,5.48
U003,Crypto,Ethereum,1787.41,1026.56,2021-11-04,-42.57
U007,Bond,Ethereum,1831.13,2517.52,2019-11-08,37.48
U004,Bond,US Treasury Bond,1688.74,4067.93,2018-12-31,140.89
U011,Mutual Fund,Apple,355.47,552.22,2020-08-26,55.35
U010,ETF,Vanguard S&P 500,1031.98,3058.15,2019-09-04,196.34
U005,Stock,US Treasury Bond,1264.16,2022.33,2023-04-30,59.97
U003,Mutual Fund,Tesla,188.12,2107.93,2024-02-07,1020.52
U002,Crypto,Vanguard S&P 500,723.3,2390.69,2020-01-13,230.53
U015,Mutual Fund,Tesla,2270.8,1633.75,2017-07-24,-28.05
U006,Stock,Vanguard S&P 500,1839.35,3181.08,2017-07-16,72.95
U007,ETF,Vanguard S&P 500,1357.07,2290.15,2017-04-02,68.76
U004,Bond,Apple,3148.28,3488.09,2017-03-07,10.79
U010,Bond,Vanguard S&P 500,1314.26,-781.47,2019-07-27,-159.46
U006,Crypto,Vanguard S&P 500,2584.59,2203.83,2021-05-06,-14.73
U013,Stock,Bitcoin,996.36,3141.77,2017-09-18,215.32
U009,Stock,Vanguard S&P 500,1277.54,2067.71,2023-07-16,61.85
U001,Mutual Fund,Bitcoin,1058.61,297.71,2020-02-26,-71.88
U004,Bond,Google,2222.2,1894.58,2020-07-30,-14.74
U014,Mutual Fund,Apple,1881.44,-60.12,2022-08-19,-103.2
U008,Bond,Bitcoin,2190.2,3517.86,2023-01-29,60.62
U007,Mutual Fund,Google,1064.93,3153.08,2024-08-14,196.08
U007,ETF,Ethereum,2206.21,1990.67,2024-10-04,-9.77
U005,Bond,Vanguard S&P 500,436.09,1042.49,2019-10-29,139.05
U014,Stock,Apple,1981.46,2393.5,2021-11-01,20.79
U010,Stock,Bitcoin,1667.39,2314.57,2017-04-28,38.81
U010,Mutual Fund,Vanguard S&P 500,1549.67,2858.46,2017-08-31,84.46
U008,Mutual Fund,US Treasury Bond,1420.26,2399.31,2020-04-12,68.93
U002,Mutual Fund,Apple,696.06,1888.8,2022-11-10,171.36
U014,Mutual Fund,Vanguard S&P 500,621.06,2298.47,2024-01-19,270.09
U012,Stock,Apple,1187.2,2401.09,2023-04-11,102.25
U002,Crypto,Google,1730.12,2419.15,2020-10-20,39.83
U010,Bond,Vanguard S&P 500,2576.2,3366.4,2017-02-07,30.67
U006,Bond,Ethereum,1842.64,1876.89,2017-08-04,1.86
U001,Bond,Ethereum,1492.41,1165.14,2019-09-09,-21.93
U004,Bond,Tesla,3050.39,1795.18,2024-07-03,-41.15
U004,Mutual Fund,Bitcoin,2529.27,980.52,2023-05-22,-61.23
U002,Stock,Bitcoin,2272.46,2243.01,2024-06-11,-1.3
U009,Mutual Fund,Ethereum,1778.6,2016.22,2023-09-24,13.36
U003,ETF,Tesla,2355.51,2812.49,2020-01-15,19.4
U011,Mutual Fund,Vanguard S&P 500,531.04,3503.5,2017-07-27,559.74
U007,ETF,Bitcoin,2972.65,2824.03,2024-07-29,-5.0
U001,Stock,Bitcoin,3260.64,4479.36,2023-09-22,37.38
U003,Crypto,Tesla,2132.72,2144.87,2021-04-14,0.57
U002,ETF,Vanguard S&P 500,2891.44,2162.8,2019-04-06,-25.2
U006,Stock,Ethereum,1488.43,2421.24,2023-09-20,62.67
U014,ETF,Bitcoin,912.71,2629.81,2022-05-06,188.13
U013,Crypto,Tesla,1206.84,1200.22,2018-09-10,-0.55
U007,Bond,Google,1980.34,1747.33,2022-11-03,-11.77
U004,Bond,Tesla,2492.86,936.77,2019-03-13,-62.42
U010,Bond,Google,1742.67,3062.74,2017-10-17,75.75
U008,ETF,Bitcoin,3733.15,2420.91,2017-08-12,-35.15
U015,Mutual Fund,Tesla,1446.94,1551.68,2024-02-28,7.24
U003,Crypto,Apple,3855.48,-346.72,2023-12-22,-108.99
U014,ETF,Google,-902.11,-815.62,2023-04-04,-9.59
U005,ETF,Tesla,2478.85,1056.09,2020-07-28,-57.4
U015,Bond,Apple,943.9,677.31,2022-12-23,-28.24
U014,Crypto,Ethereum,2716.51,2442.21,2024-01-25,-10.1
U009,Mutual Fund,Vanguard S&P 500,1722.98,1335.14,2022-09-26,-22.51
U002,ETF,Google,3326.37,3907.79,2017-11-22,17.48
U010,Crypto,Apple,680.03,643.51,2024-02-11,-5.37
U011,Stock,Vanguard S&P 500,2427.45,2003.12,2022-01-25,-17.48
U004,Crypto,Ethereum,2531.59,1245.04,2024-04-24,-50.82
U015,Stock,Bitcoin,1550.94,2586.97,2021-06-23,66.8
U007,Bond,Apple,477.28,2044.63,2024-08-08,328.39
U001,Crypto,US Treasury Bond,1612.03,1727.76,2020-03-13,7.18
U007,Bond,Bitcoin,1174.7,1895.49,2019-11-26,61.36
U002,Mutual Fund,Bitcoin,2627.35,2310.05,2022-04-12,-12.08
U014,Crypto,Tesla,3008.52,4947.71,2019-04-04,64.46
U008,Bond,Google,3151.33,3978.72,2018-04-13,26.26
U012,ETF,Vanguard S&P 500,3245.89,3060.4,2019-03-17,-5.71
U007,Bond,Bitcoin,2241.03,1971.07,2017-03-06,-12.05
U004,Mutual Fund,Vanguard S&P 500,2181.9,3192.31,2021-09-05,46.31
U014,ETF,Tesla,283.67,2188.33,2017-04-09,671.44
U008,Crypto,Tesla,860.7,929.1,2017-09-20,7.95
U007,Stock,Apple,1387.0,417.66,2022-03-27,-69.89
U001,Mutual Fund,Apple,415.35,2260.49,2021-10-19,444.24
U004,ETF,Ethereum,3666.02,3744.45,2019-08-22,2.14
U001,Stock,Vanguard S&P 500,-190.87,842.83,2024-09-26,-541.57
U013,Crypto,Vanguard S&P 500,2809.94,4789.16,2021-03-25,70.44
U013,Crypto,Google,1767.9,157.38,2018-09-04,-91.1
U002,Stock,US Treasury Bond,6.23,299.21,2019-11-20,4702.73
U002,Bond,Bitcoin,1789.58,1385.48,2020-09-05,-22.58
U012,Stock,US Treasury Bond,1401.52,2341.55,2017-02-11,67.07
U003,Bond,Ethereum,442.89,1634.35,2024-03-14,269.02
U002,Bond,Google,1303.72,2789.48,2017-11-14,113.96
U001,Crypto,Apple,2541.06,2439.84,2019-04-30,-3.98
U014,Stock,Ethereum,3868.06,1615.78,2020-03-17,-58.23
U004,ETF,Google,1572.17,4782.17,2021-05-12,204.18
U006,Bond,Google,2438.95,1480.64,2022-11-20,-39.29
U003,ETF,Ethereum,2744.05,454.56,2018-06-28,-83.43
U001,Bond,Google,1967.24,2026.81,2017-06-19,3.03
U012,ETF,Tesla,1964.03,-212.29,2017-01-19,-110.81
U012,Bond,Bitcoin,1162.73,456.8,2022-12-12,-60.71
U015,ETF,Ethereum,1571.48,1939.86,2018-06-04,23.44
U003,ETF,Apple,2533.08,4317.18,2017-12-14,70.43
U011,Crypto,Ethereum,1989.59,4451.76,2024-06-23,123.75
U009,ETF,US Treasury Bond,1795.57,3001.27,2023-04-27,67.15
U004,Bond,Apple,1667.92,2856.2,2022-10-31,71.24
U009,Mutual Fund,Bitcoin,1658.16,366.06,2018-01-14,-77.92
U011,Bond,Bitcoin,3090.38,2598.46,2019-02-24,-15.92
U011,Mutual Fund,US Treasury Bond,3059.31,159.63,2018-11-06,-94.78
U011,Mutual Fund,Ethereum,1958.93,1979.05,2023-04-19,1.03
U003,Bond,Vanguard S&P 500,1029.29,1149.36,2021-06-18,11.67
U004,Crypto,Ethereum,443.22,1190.72,2017-07-13,168.65
U012,Mutual Fund,US Treasury Bond,940.89,594.9,2017-07-20,-36.77
U003,Bond,Apple,1086.69,2895.23,2022-04-20,166.43
U011,Mutual Fund,Tesla,1712.09,2472.4,2018-08-15,44.41
U015,Stock,Ethereum,2406.89,1193.31,2017-11-27,-50.42
U014,ETF,Vanguard S&P 500,147.58,3691.01,2023-10-29,2401.02
U014,Mutual Fund,US Treasury Bond,1186.36,942.54,2024-02-12,-20.55
U011,ETF,Google,1499.43,-33.61,2023-04-03,-102.24
U014,ETF,Ethereum,1910.23,1037.84,2021-07-14,-45.67
U011,ETF,Tesla,3016.41,2362.69,2017-10-20,-21.67
U011,Stock,Ethereum,1727.78,2622.39,2021-11-22,51.78
U004,Bond,Vanguard S&P 500,3245.55,1447.82,2023-01-07,-55.39
U008,Bond,Apple,2270.72,3070.65,2021-07-20,35.23
U003,Mutual Fund,US Treasury Bond,2067.43,1486.19,2019-06-14,-28.11
U001,Crypto,Google,1272.98,94.13,2021-02-09,-92.61
U004,Bond,Vanguard S&P 500,423.16,835.86,2024-12-29,97.53
U005,Bond,Tesla,3304.56,4854.51,2023-12-12,46.9
U007,ETF,US Treasury Bond,2653.46,3531.86,2018-06-09,33.1
U006,Mutual Fund,US Treasury Bond,3898.65,928.43,2024-10-31,-76.19
U009,Mutual Fund,Vanguard S&P 500,1898.2,2201.67,2017-12-24,15.99
U003,Mutual Fund,Ethereum,1965.85,-271.63,2023-01-08,-113.82
U002,ETF,US Treasury Bond,3241.58,2564.44,2017-07-18,-20.89
U004,Bond,US Treasury Bond,2639.23,1473.63,2024-07-08,-44.16
U010,Bond,Tesla,1083.7,1466.08,2017-09-01,35.28
U004,Stock,Vanguard S&P 500,1770.94,2851.57,2024-03-28,61.02
U011,ETF,Google,4035.77,-980.44,2017-12-24,-124.29
U003,Bond,Google,1507.47,2777.61,2023-08-13,84.26
U009,Crypto,Tesla,2418.21,634.37,2023-05-23,-73.77
U001,Crypto,US Treasury Bond,1268.84,1392.58,2020-06-24,9.75
U004,Crypto,Google,277.98,59.41,2024-09-09,-78.63
U002,Bond,US Treasury Bond,1626.0,2428.42,2019-03-02,49.35
U013,Mutual Fund,Tesla,2819.93,1981.3,2021-11-14,-29.74
U012,Crypto,Bitcoin,1467.49,2112.22,2022-12-12,43.93
U011,ETF,Bitcoin,424.49,1270.59,2024-08-20,199.32
U013,Mutual Fund,Google,1309.08,1389.08,2018-06-24,6.11
U013,ETF,Bitcoin,-1072.42,1954.95,2023-12-25,-282.29
U012,ETF,Vanguard S&P 500,1504.69,2533.09,2024-05-16,68.35
U006,ETF,Tesla,2791.82,2431.44,2023-07-24,-12.91
U008,ETF,Bitcoin,105.74,3192.52,2019-05-01,2919.22
U008,Stock,Apple,4134.17,2232.67,2021-03-11,-45.99
U011,Stock,Bitcoin,2787.13,2709.54,2019-11-13,-2.78
U001,Crypto,Google,1351.25,2245.97,2021-01-24,66.21
U006,ETF,Bitcoin,40.41,2424.44,2019-07-05,5899.6
U001,Stock,Vanguard S&P 500,3695.06,2529.47,2019-10-10,-31.54
U012,Bond,Vanguard S&P 500,488.71,1835.37,2017-02-10,275.55
U003,Stock,Google,3919.53,4689.21,2021-03-13,19.64
U002,ETF,US Treasury Bond,1254.07,2282.46,2021-01-12,82.0
U006,Mutual Fund,Tesla,3058.66,3596.82,2020-10-27,17.59
U010,ETF,US Treasury Bond,2639.4,3776.77,2020-10-13,43.09
U004,Stock,Ethereum,2049.71,2607.1,2023-04-20,27.19
U006,Bond,Ethereum,1856.6,649.07,2020-07-29,-65.04
U008,Bond,Tesla,321.78,3117.36,2021-11-28,868.79
U007,ETF,Google,2577.35,2469.91,2020-01-12,-4.17
U014,Mutual Fund,Vanguard S&P 500,3426.12,1860.32,2019-01-20,-45.7
U009,Mutual Fund,US Treasury Bond,1859.01,1724.57,2017-12-15,-7.23
U003,Mutual Fund,Apple,1445.3,2223.66,2019-11-20,53.85
U008,Bond,Apple,3136.8,1845.26,2021-10-08,-41.17
U009,ETF,US Treasury Bond,1885.09,-105.25,2019-11-22,-105.58
U015,Stock,US Treasury Bond,1191.84,1052.74,2021-11-10,-11.67
U013,Bond,Apple,-38.67,790.39,2024-12-29,-2143.94
U012,Mutual Fund,US Treasury Bond,1884.41,3252.74,2019-05-11,72.61
U011,Stock,US Treasury Bond,-13.82,2597.1,2019-05-15,-18892.33
U011,Mutual Fund,Tesla,2964.89,3052.17,2022-09-16,2.94
U002,Stock,Bitcoin,1394.75,4260.27,2024-05-14,205.45
U008,Mutual Fund,US Treasury Bond,2011.58,3759.95,2019-11-03,86.92
U015,Crypto,US Treasury Bond,376.02,2060.49,2023-03-13,447.97
U005,Mutual Fund,Vanguard S&P 500,867.55,646.78,2020-12-27,-25.45
U015,Bond,US Treasury Bond,770.16,2350.16,2023-02-25,205.15
U014,Bond,Google,2005.57,2090.31,2021-01-16,4.23
U006,Bond,US Treasury Bond,3074.87,3827.18,2022-01-05,24.47
U010,Bond,Bitcoin,3941.99,1912.01,2018-12-26,-51.5
U010,Bond,US Treasury Bond,2638.15,2480.59,2018-06-16,-5.97
U013,Bond,Apple,2565.53,2545.35,2022-05-23,-0.79
U009,Crypto,US Treasury Bond,2964.97,3444.83,2023-03-05,16.18
U005,Bond,Bitcoin,971.58,2325.85,2020-12-22,139.39
U014,Mutual Fund,Bitcoin,3043.06,479.78,2022-05-09,-84.23
U013,Stock,Google,2411.21,-60.07,2020-01-26,-102.49
U009,Mutual Fund,Vanguard S&P 500,2388.86,1788.45,2020-10-20,-25.13
U011,ETF,Apple,3007.54,2185.29,2019-06-03,-27.34
U014,Mutual Fund,US Treasury Bond,1321.23,2635.93,2018-06-03,99.51
U002,Mutual Fund,Bitcoin,2556.14,1947.54,2021-11-06,-23.81
U005,Crypto,Bitcoin,1937.3,2872.84,2018-12-14,48.29
U014,Mutual Fund,Apple,1642.17,2875.78,2018-04-05,75.12
U013,Mutual Fund,US Treasury Bond,2273.5,-486.85,2018-01-24,-121.41
U013,Crypto,Vanguard S&P 500,2119.74,2073.98,2022-10-11,-2.16
U002,Crypto,Vanguard S&P 500,2853.19,1501.65,2017-02-02,-47.37
U007,Mutual Fund,Ethereum,1597.82,1711.83,2021-09-22,7.14
U003,Crypto,Vanguard S&P 500,790.97,1180.11,2019-08-09,49.2
U014,Crypto,Tesla,2767.12,3431.15,2022-07-18,24.0
U004,ETF,Google,641.58,2891.14,2024-07-13,350.63
U013,ETF,Google,3205.95,2692.75,2022-01-02,-16.01
U006,Crypto,Apple,1063.01,408.67,2023-02-11,-61.56
U002,Crypto,Ethereum,406.79,3726.26,2021-05-29,816.02
U013,Crypto,Vanguard S&P 500,4115.95,1061.06,2023-02-23,-74.22
U007,Crypto,Tesla,3094.78,2369.4,2021-03-21,-23.44
U005,Mutual Fund,Google,2230.46,3454.8,2024-01-15,54.89
U005,Crypto,US Treasury Bond,2020.93,2751.34,2022-12-21,36.14
U014,Stock,Bitcoin,4088.6,2713.25,2021-08-19,-33.64
U004,Crypto,Bitcoin,2984.39,2259.0,2024-02-01,-24.31
U005,ETF,Google,1134.14,1602.76,2020-11-20,41.32
U004,Bond,Bitcoin,4740.3,3593.48,2023-05-18,-24.19
U003,ETF,US Treasury Bond,738.3,2025.35,2018-04-06,174.33
U014,ETF,US Treasury Bond,1092.97,3044.13,2024-07-10,178.52
U002,ETF,Tesla,476.18,204.87,2020-12-29,-56.98
U013,Crypto,Vanguard S&P 500,2279.17,2285.03,2020-09-23,0.26
U004,Crypto,Tesla,2033.64,1079.84,2017-09-21,-46.9
U002,Crypto,US Treasury Bond,3099.06,1345.03,2019-01-30,-56.6
U014,Bond,Tesla,3248.04,730.3,2020-01-21,-77.52
U007,ETF,US Treasury Bond,2305.26,3386.83,2021-07-18,46.92
U015,Bond,Bitcoin,1504.26,2257.17,2017-06-21,50.05
U003,Mutual Fund,Apple,2431.13,2386.73,2021-01-16,-1.83
U008,Stock,Ethereum,1628.37,2663.7,2020-04-10,63.58
U001,Crypto,Tesla,-31.78,2938.74,2018-01-23,-9347.14
U014,Mutual Fund,Tesla,2662.99,1820.24,2020-08-14,-31.65
U002,Crypto,Google,2014.42,1106.87,2022-05-06,-45.05
U009,ETF,Google,2229.2,3071.06,2023-10-20,37.77
U007,Mutual Fund,Google,2934.09,1439.03,2023-04-25,-50.95
U005,Stock,Google,917.38,3133.61,2024-10-07,241.58
U015,Bond,Vanguard S&P 500,261.72,1345.57,2021-01-12,414.13
U008,Crypto,US Treasury Bond,2171.73,1114.22,2024-02-25,-48.69
U007,Crypto,Vanguard S&P 500,3437.93,1576.07,2022-04-12,-54.16
U011,Crypto,Ethereum,2921.4,2134.77,2019-11-27,-26.93
U014,Bond,Apple,3189.79,2076.77,2018-07-08,-34.89
U013,Mutual Fund,Apple,1799.42,1989.12,2023-01-23,10.54
U004,Stock,Tesla,2132.16,3688.93,2022-07-29,73.01
U006,ETF,US Treasury Bond,2312.15,1209.23,2024-03-24,-47.7
U005,Bond,Ethereum,2047.38,1580.02,2022-08-20,-22.83
U015,Crypto,Apple,3423.98,2850.46,2021-11-10,-16.75
U014,Mutual Fund,Apple,2102.17,3130.7,2021-04-06,48.93
U009,ETF,Bitcoin,2769.66,1056.49,2022-01-12,-61.85
U014,Mutual Fund,Apple,1026.88,3282.67,2024-04-03,219.67
U014,ETF,Ethereum,953.87,3124.66,2017-08-30,227.58
U006,Crypto,Tesla,1288.51,125.86,2017-01-02,-90.23
U009,Mutual Fund,US Treasury Bond,2310.25,2159.59,2018-03-28,-6.52
U010,Stock,Google,521.63,2691.93,2019-10-13,416.06
U003,Crypto,Bitcoin,2839.59,2312.94,2018-03-16,-18.55
U010,ETF,Bitcoin,821.51,4501.59,2023-10-03,447.97
U001,Mutual Fund,Ethereum,1658.98,1902.21,2023-06-17,14.66
U011,Mutual Fund,Google,1667.76,1806.53,2023-06-12,8.32
U001,Mutual Fund,Apple,3765.57,1998.58,2017-01-04,-46.92
U010,Crypto,Ethereum,2264.85,2873.89,2022-09-27,26.89
U007,Bond,US Treasury Bond,2918.66,3245.98,2019-05-31,11.21
U008,Stock,Tesla,2013.46,2725.38,2018-06-14,35.36
U003,Crypto,US Treasury Bond,3206.87,2318.75,2017-10-14,-27.69
U006,ETF,US Treasury Bond,1449.46,1140.68,2023-07-14,-21.3
U002,Stock,Bitcoin,4063.66,2780.65,2024-01-17,-31.57
U002,Stock,Ethereum,2069.88,3684.42,2019-11-10,78.0
U014,ETF,Ethereum,1930.96,231.89,2021-04-26,-87.99
U002,ETF,Vanguard S&P 500,-44.59,4965.29,2019-06-11,-11235.43
U009,Bond,Vanguard S&P 500,1867.54,3198.21,2021-03-02,71.25
U006,Bond,Google,3223.72,2945.92,2017-07-24,-8.62
